Node1,Node2
0,224
0,178
0,420
0,312
0,371
0,383
0,179
0,121
0,313
0,185
0,380
0,5
0,109
0,111
0,82
0,174
0,21
0,48
0,13
0,368
0,75
0,149
0,138
0,34
0,225
0,88
0,268
1,211
1,389
1,339
1,320
1,486
1,182
1,305
1,146
1,209
1,240
1,408
1,294
1,288
1,189
1,120
1,180
1,67
1,208
1,168
1,334
1,18
1,150
1,225
1,391
2,230
2,322
2,330
2,494
2,422
2,456
2,164
2,338
2,458
2,84
2,346
2,113
2,172
2,383
2,3
2,234
2,178
2,102
2,107
2,44
2,76
2,11
2,320
2,216
2,135
3,284
3,471
3,129
3,182
3,325
3,124
3,18
3,82
3,121
3,5
3,19
3,476
3,73
3,10
3,423
3,180
3,144
3,6
3,26
3,103
3,333
3,327
3,207
3,190
3,12
3,115
3,40
3,352
3,349
3,456
3,113
3,273
3,59
3,338
3,161
3,109
3,89
3,37
3,172
3,292
3,309
3,102
3,398
3,34
3,242
3,184
3,138
3,70
3,385
3,245
3,116
4,182
4,160
4,292
4,172
4,333
4,247
4,100
4,498
4,286
4,226
4,74
4,109
4,312
4,164
4,54
4,102
4,113
4,33
4,91
4,346
4,237
4,152
4,32
4,17
4,414
4,285
4,27
4,121
4,299
4,313
4,386
4,210
4,10
4,188
4,248
4,369
4,478
5,185
5,329
5,102
5,182
5,126
5,88
5,90
5,13
5,416
5,369
5,381
5,299
5,320
5,314
5,56
5,23
5,40
5,499
5,414
5,460
5,152
5,340
5,353
5,155
5,41
5,216
5,136
5,295
5,203
5,242
5,73
5,121
5,201
5,253
5,75
5,343
5,273
5,241
5,144
5,100
5,397
5,245
5,164
5,352
6,343
6,34
6,317
6,352
6,111
6,42
6,90
6,360
6,326
6,384
6,185
6,173
6,113
6,55
6,48
6,440
6,143
6,125
6,112
6,171
6,23
6,193
6,7
6,244
6,257
7,19
7,310
7,447
7,273
7,262
7,113
7,184
7,211
7,102
7,215
7,220
7,174
7,477
7,56
7,347
7,99
7,201
7,165
7,117
7,40
7,133
7,79
7,25
7,13
8,372
8,285
8,16
8,456
8,19
8,69
8,416
8,270
8,287
8,366
8,71
8,446
8,219
8,231
8,249
8,396
8,159
8,266
8,84
8,356
8,10
8,181
9,66
9,239
9,44
9,161
9,456
9,445
9,446
9,398
9,69
9,57
9,26
9,280
9,36
9,254
9,400
9,259
9,177
9,175
9,199
9,140
9,370
9,268
9,59
9,43
10,398
10,284
10,46
10,260
10,295
10,307
10,40
10,182
10,14
10,222
10,286
10,114
10,194
10,101
10,459
10,27
10,167
10,50
10,24
10,237
10,166
10,420
11,71
11,228
11,247
11,394
11,167
11,383
11,236
11,266
11,258
11,16
11,92
11,357
11,30
11,96
11,107
11,282
11,15
11,142
12,168
12,338
12,182
12,310
12,401
12,383
12,63
12,471
12,189
12,283
12,378
12,23
12,45
12,221
12,261
12,103
12,437
12,243
12,392
12,35
12,276
12,95
13,349
13,324
13,97
13,133
13,262
13,301
13,184
13,138
13,130
13,256
13,456
13,172
13,346
13,34
13,228
13,41
13,248
13,76
13,372
13,147
13,307
13,444
13,440
13,88
13,174
13,244
13,115
13,325
13,22
13,293
13,353
13,146
13,73
13,386
13,226
13,74
13,40
13,474
13,99
13,152
13,129
13,195
13,144
13,30
13,25
13,102
13,16
13,397
13,164
13,121
13,109
13,203
13,190
13,92
13,96
13,343
13,327
13,298
13,17
14,129
14,226
14,414
14,353
14,203
14,457
14,426
14,344
14,217
14,157
14,183
14,326
14,407
14,219
14,213
14,131
14,177
14,16
14,150
14,401
14,18
14,109
14,140
14,143
14,292
15,41
15,182
15,32
15,427
15,53
15,211
15,253
15,98
15,72
15,289
15,360
15,185
15,31
15,52
15,355
15,126
15,237
15,477
15,70
15,154
15,200
16,493
16,117
16,174
16,153
16,64
16,279
16,323
16,381
16,151
16,356
16,159
16,316
16,141
16,191
16,365
16,154
16,305
16,60
16,170
17,407
17,258
17,182
17,421
17,225
17,309
17,246
17,76
17,65
17,386
17,113
17,340
17,273
17,224
17,333
17,102
17,325
17,64
17,256
17,292
17,356
17,121
17,289
17,164
17,169
17,75
17,288
17,372
17,80
17,418
17,358
17,265
17,129
17,148
17,423
17,25
17,138
17,346
18,416
18,420
18,265
18,71
18,320
18,306
18,430
18,48
18,124
18,494
18,180
18,378
18,402
18,417
18,28
18,39
18,221
18,217
18,276
18,422
18,187
18,83
19,102
19,119
19,229
19,202
19,47
19,421
19,348
19,326
19,95
19,260
19,161
19,225
19,247
19,144
19,317
19,376
19,380
19,248
19,196
19,249
19,74
19,299
19,142
20,349
20,378
20,416
20,38
20,160
20,410
20,150
20,438
20,117
20,471
20,217
20,221
20,21
20,122
20,406
20,109
20,65
20,311
20,421
20,139
20,102
20,56
20,220
20,121
20,287
20,239
21,367
21,147
21,212
21,24
21,53
21,174
21,91
21,37
21,286
21,73
21,153
21,67
21,362
21,184
21,459
21,44
21,120
21,78
21,361
21,114
21,30
21,112
22,407
22,182
22,203
22,65
22,133
22,375
22,364
22,351
22,281
22,461
22,116
22,346
22,433
22,201
22,345
22,73
22,174
22,371
22,225
22,423
22,129
22,99
22,276
22,273
22,160
22,74
22,109
22,341
22,102
22,68
22,357
22,156
22,88
22,94
22,321
22,195
22,330
22,85
22,112
23,182
23,481
23,273
23,280
23,486
23,146
23,132
23,434
23,327
23,411
23,262
23,314
23,316
23,407
23,460
23,436
23,286
23,369
23,40
23,99
23,148
23,121
23,152
23,313
23,397
23,34
23,161
23,186
23,393
23,116
23,72
23,129
23,325
23,258
23,422
23,144
23,136
24,353
24,273
24,237
24,238
24,45
24,478
24,118
24,408
24,396
24,305
24,386
24,137
24,171
24,324
24,183
24,192
24,46
24,161
24,267
24,336
24,129
24,94
24,59
25,116
25,315
25,268
25,425
25,273
25,182
25,144
25,357
25,129
25,418
25,311
25,325
25,448
25,461
25,404
25,440
25,300
25,59
25,307
25,225
25,211
25,349
25,312
25,99
25,158
25,88
25,393
25,387
25,215
25,327
25,136
25,85
25,113
25,70
25,173
25,233
25,138
26,465
26,106
26,456
26,99
26,149
26,389
26,345
26,257
26,59
26,390
26,34
26,42
26,230
26,295
26,107
26,125
26,45
26,278
26,100
26,331
26,273
26,317
26,182
27,106
27,182
27,498
27,252
27,381
27,97
27,262
27,393
27,373
27,351
27,82
27,460
27,226
27,109
27,61
27,155
27,141
27,164
27,349
27,88
27,424
27,124
27,192
27,421
28,274
28,318
28,319
28,404
28,35
28,346
28,348
28,430
28,333
28,111
28,392
28,128
28,272
28,199
28,116
28,232
28,149
28,443
28,105
28,36
28,162
29,336
29,239
29,304
29,258
29,347
29,240
29,401
29,288
29,87
29,421
29,36
29,253
29,170
29,350
29,207
29,93
29,88
29,68
29,179
29,89
29,78
29,102
29,233
29,128
29,208
30,391
30,426
30,463
30,209
30,281
30,263
30,480
30,356
30,143
30,66
30,167
30,315
30,158
30,258
30,345
30,187
30,339
30,93
31,83
31,315
31,252
31,129
31,245
31,105
31,219
31,247
31,276
31,264
31,66
31,67
31,232
31,114
31,194
31,35
31,154
31,156
31,111
31,107
31,263
31,94
31,71
32,370
32,152
32,341
32,49
32,136
32,233
32,397
32,279
32,380
32,182
32,343
32,313
32,65
32,324
32,176
32,258
32,322
32,104
32,215
32,135
32,157
32,402
32,385
32,123
33,270
33,173
33,102
33,346
33,249
33,278
33,424
33,170
33,163
33,407
33,92
33,105
33,259
33,162
33,471
33,418
33,361
33,55
33,222
33,244
33,196
33,160
34,364
34,203
34,444
34,218
34,113
34,304
34,325
34,172
34,102
34,291
34,352
34,343
34,174
34,303
34,76
34,184
34,121
34,346
34,86
34,263
34,242
34,419
34,464
34,357
34,312
34,273
34,97
34,195
34,257
34,59
34,385
34,371
34,164
34,109
34,138
34,38
35,333
35,447
35,121
35,423
35,298
35,486
35,193
35,38
35,399
35,311
35,446
35,247
35,114
35,232
35,259
35,275
35,36
35,53
35,60
35,351
36,172
36,100
36,49
36,348
36,301
36,177
36,165
36,243
36,78
36,102
36,483
36,449
36,393
36,254
36,43
36,441
36,261
36,127
37,262
37,46
37,102
37,211
37,423
37,392
37,477
37,498
37,258
37,268
37,173
37,395
37,49
37,84
37,202
37,57
37,248
37,185
37,73
37,108
37,82
37,85
37,129
37,116
38,122
38,421
38,294
38,316
38,401
38,284
38,457
38,185
38,363
38,75
38,120
38,233
38,102
38,353
38,48
38,56
38,162
38,248
38,201
38,256
38,152
38,150
38,132
39,273
39,73
39,303
39,127
39,99
39,357
39,452
39,41
39,214
39,428
39,293
39,169
39,290
39,184
39,435
39,89
39,139
39,413
39,274
39,205
39,449
39,282
39,312
39,225
40,423
40,151
40,407
40,352
40,444
40,419
40,225
40,326
40,273
40,240
40,299
40,499
40,97
40,466
40,414
40,293
40,445
40,102
40,172
40,121
40,148
40,333
40,66
40,469
40,243
40,268
40,115
40,138
40,130
40,124
40,456
40,174
40,95
40,239
40,129
40,49
40,59
40,99
40,405
40,108
40,470
40,190
40,310
40,64
40,349
40,146
40,298
40,245
40,203
40,369
40,195
40,224
40,165
40,313
40,149
40,161
40,454
40,65
40,357
41,182
41,131
41,195
41,329
41,205
41,242
41,421
41,423
41,265
41,246
41,85
41,112
41,284
41,48
41,393
41,172
41,438
41,63
41,408
41,344
41,262
41,157
41,206
41,159
42,140
42,466
42,129
42,414
42,92
42,273
42,134
42,293
42,130
42,343
42,225
42,419
42,272
42,270
42,211
42,80
42,69
42,151
42,278
42,192
42,303
42,295
42,248
42,43
43,98
43,182
43,349
43,386
43,60
43,246
43,44
43,407
43,57
43,321
43,491
43,103
43,84
43,125
43,86
43,80
43,51
43,290
43,151
43,379
43,73
44,420
44,157
44,365
44,208
44,393
44,403
44,368
44,220
44,81
44,287
44,164
44,449
44,66
44,338
44,161
44,56
44,178
44,206
44,213
44,230
45,291
45,73
45,89
45,57
45,336
45,177
45,104
45,55
45,134
45,257
45,253
45,258
45,379
45,422
45,265
45,215
45,133
45,83
45,69
45,388
45,190
46,52
46,294
46,224
46,179
46,404
46,231
46,376
46,317
46,378
46,141
46,459
46,101
46,47
46,276
46,290
46,49
46,142
46,486
46,327
46,157
46,251
46,114
47,221
47,409
47,157
47,121
47,405
47,219
47,91
47,76
47,81
47,298
47,266
47,220
47,345
47,334
47,351
47,116
47,218
47,83
48,476
48,277
48,326
48,423
48,270
48,179
48,158
48,73
48,394
48,144
48,482
48,387
48,121
48,89
48,54
48,262
48,149
48,477
48,160
48,64
48,207
49,343
49,102
49,385
49,440
49,262
49,234
49,456
49,465
49,148
49,349
49,172
49,353
49,235
49,152
49,312
49,321
49,203
49,242
49,54
49,227
49,292
49,201
49,182
49,455
49,160
49,173
49,103
49,109
49,416
49,328
49,393
49,215
49,236
49,233
49,278
50,85
50,157
50,138
50,221
50,473
50,102
50,184
50,306
50,319
50,357
50,86
50,78
50,107
50,90
50,214
50,105
50,67
50,305
50,81
50,170
50,231
50,151
51,333
51,131
51,165
51,346
51,365
51,73
51,102
51,261
51,189
51,175
51,430
51,137
51,277
51,245
51,181
51,271
51,103
51,302
51,262
51,434
51,335
51,188
51,242
52,129
52,448
52,155
52,420
52,242
52,250
52,248
52,221
52,234
52,134
52,202
52,163
52,106
52,296
52,319
52,183
52,424
52,145
53,300
53,331
53,374
53,182
53,169
53,399
53,121
53,82
53,256
53,230
53,262
53,186
53,288
53,382
53,192
53,318
53,71
53,180
53,197
53,363
54,366
54,327
54,172
54,379
54,472
54,218
54,397
54,455
54,95
54,307
54,483
54,246
54,380
54,73
54,256
54,330
54,394
54,188
54,415
54,70
54,267
54,407
54,414
55,153
55,434
55,411
55,463
55,334
55,203
55,394
55,382
55,266
55,427
55,323
55,423
55,362
55,267
55,386
55,329
55,78
55,59
55,337
55,359
56,134
56,160
56,258
56,428
56,262
56,176
56,166
56,295
56,263
56,97
56,61
56,273
56,186
56,218
56,59
56,422
56,288
56,425
56,214
56,210
57,245
57,229
57,262
57,287
57,207
57,492
57,228
57,289
57,152
57,199
57,300
57,172
57,120
57,72
57,356
57,398
57,100
57,87
57,267
57,200
58,102
58,269
58,114
58,376
58,231
58,187
58,344
58,195
58,147
58,441
58,69
58,118
58,212
58,198
58,81
58,206
58,270
58,400
58,396
58,352
58,354
58,70
59,435
59,349
59,108
59,183
59,196
59,127
59,257
59,120
59,262
59,299
59,419
59,300
59,423
59,273
59,225
59,421
59,397
59,102
59,297
59,312
59,174
59,456
59,324
59,382
59,195
59,329
59,72
59,94
59,85
60,176
60,311
60,232
60,457
60,423
60,421
60,450
60,163
60,499
60,310
60,214
60,62
60,72
60,253
60,370
60,351
60,127
60,363
61,301
61,224
61,328
61,96
61,437
61,205
61,406
61,418
61,380
61,396
61,83
61,62
61,267
61,244
61,77
61,84
61,189
61,216
61,93
61,95
61,66
61,193
61,322
62,367
62,182
62,269
62,66
62,378
62,362
62,74
62,128
62,91
62,319
62,280
62,167
62,131
62,417
62,159
62,87
62,184
62,379
62,126
62,406
62,339
63,471
63,313
63,284
63,412
63,196
63,456
63,423
63,421
63,277
63,116
63,117
63,383
63,88
63,112
63,377
63,75
63,143
63,72
63,389
63,256
63,392
63,322
63,239
63,325
64,357
64,190
64,324
64,352
64,121
64,254
64,219
64,388
64,342
64,482
64,75
64,313
64,77
64,443
64,348
64,329
64,156
64,471
64,100
64,166
64,145
64,65
65,445
65,315
65,356
65,257
65,273
65,110
65,464
65,241
65,129
65,173
65,403
65,182
65,70
65,256
65,155
65,333
65,152
65,418
65,290
65,314
66,232
66,142
66,83
66,463
66,308
66,481
66,422
66,193
66,446
66,421
66,433
66,407
66,399
66,135
66,90
66,270
67,347
67,222
67,154
67,457
67,393
67,480
67,115
67,463
67,440
67,331
67,90
67,226
67,184
67,117
67,189
67,84
67,156
67,83
67,128
68,217
68,253
68,238
68,446
68,78
68,461
68,261
68,331
68,184
68,154
68,302
68,186
68,441
68,476
68,291
68,120
68,71
68,101
68,114
68,144
68,396
68,252
68,351
69,182
69,401
69,172
69,343
69,149
69,133
69,369
69,82
69,129
69,411
69,474
69,100
69,491
69,396
69,303
69,360
69,117
69,355
69,238
70,281
70,341
70,244
70,100
70,435
70,322
70,299
70,475
70,399
70,156
70,210
70,81
70,284
70,388
70,144
70,92
70,101
70,178
71,244
71,102
71,285
71,482
71,104
71,437
71,188
71,265
71,118
71,333
71,186
71,128
71,122
71,454
71,113
71,176
71,136
71,225
72,174
72,397
72,145
72,239
72,409
72,121
72,243
72,421
72,324
72,278
72,416
72,245
72,129
72,102
72,442
72,403
72,399
72,202
72,115
72,435
72,327
73,182
73,262
73,187
73,452
73,335
73,426
73,353
73,325
73,207
73,322
73,311
73,385
73,82
73,456
73,203
73,473
73,346
73,186
73,357
73,224
73,121
73,489
73,115
73,118
73,471
73,86
73,129
73,213
73,472
73,457
73,459
73,368
73,440
73,410
73,403
73,235
73,286
73,252
73,393
73,458
73,494
73,386
73,328
73,421
73,177
73,138
73,321
73,99
73,174
73,195
73,109
73,148
73,161
73,116
73,111
73,449
73,102
73,350
73,327
73,173
73,312
73,424
73,100
73,135
73,253
73,349
73,152
73,423
73,119
74,102
74,182
74,203
74,242
74,144
74,331
74,113
74,309
74,122
74,213
74,212
74,478
74,482
74,380
74,278
74,121
74,446
74,140
74,305
74,253
74,129
74,124
74,385
74,92
74,423
74,125
74,292
74,206
74,346
74,321
74,357
74,240
74,300
74,148
74,239
75,102
75,76
75,251
75,483
75,179
75,116
75,159
75,257
75,452
75,207
75,353
75,293
75,92
75,461
75,235
75,97
75,314
75,339
75,499
75,341
76,325
76,478
76,95
76,434
76,301
76,135
76,203
76,213
76,122
76,190
76,321
76,105
76,196
76,235
76,97
76,217
76,312
76,248
76,215
76,126
77,226
77,164
77,161
77,398
77,472
77,205
77,250
77,88
77,99
77,414
77,78
77,274
77,98
77,367
77,80
77,189
77,144
77,166
77,322
77,121
77,235
77,479
77,146
77,452
78,254
78,492
78,207
78,113
78,390
78,363
78,283
78,337
78,86
78,140
78,308
78,427
78,259
78,136
78,403
78,98
78,222
78,214
79,182
79,269
79,451
79,387
79,227
79,377
79,231
79,448
79,175
79,114
79,87
79,412
79,89
79,178
79,416
79,254
79,265
79,394
79,85
79,447
79,217
80,162
80,343
80,178
80,211
80,330
80,237
80,464
80,293
80,470
80,281
80,415
80,368
80,182
80,276
80,285
80,99
80,125
80,106
80,420
80,417
80,319
81,277
81,478
81,317
81,491
81,291
81,174
81,437
81,171
81,339
81,111
81,250
81,480
81,488
81,329
82,220
82,223
82,430
82,182
82,227
82,102
82,393
82,241
82,459
82,127
82,122
82,245
82,465
82,217
82,378
82,236
82,149
82,340
82,135
83,349
83,146
83,295
83,331
83,424
83,273
83,130
83,232
83,405
83,93
83,193
83,139
83,354
83,163
83,266
83,450
84,207
84,497
84,369
84,105
84,444
84,153
84,420
84,376
84,425
84,165
84,200
84,487
84,256
84,139
84,250
84,355
84,276
85,227
85,442
85,273
85,410
85,246
85,241
85,197
85,129
85,457
85,300
85,431
85,136
85,350
85,238
85,262
85,427
85,286
85,111
85,346
85,203
85,113
85,228
85,458
85,340
85,325
85,338
85,211
85,255
85,258
85,421
85,180
85,253
85,352
86,415
86,423
86,99
86,355
86,114
86,187
86,233
86,342
86,198
86,237
86,282
86,274
86,271
86,438
86,434
86,279
86,376
86,231
86,91
87,376
87,331
87,336
87,273
87,447
87,211
87,426
87,282
87,360
87,200
87,241
87,367
87,132
87,259
87,120
87,264
87,116
87,294
87,408
88,477
88,335
88,295
88,229
88,112
88,148
88,456
88,286
88,270
88,211
88,160
88,398
88,343
88,233
88,273
88,115
88,478
88,443
88,89
88,97
88,300
88,182
88,135
88,157
88,438
88,444
88,421
88,195
88,201
88,132
88,172
88,159
88,102
89,439
89,396
89,132
89,172
89,334
89,340
89,296
89,262
89,121
89,399
89,119
89,416
89,204
89,336
89,120
89,239
89,200
89,253
89,223
90,357
90,379
90,481
90,211
90,223
90,250
90,331
90,432
90,462
90,310
90,480
90,266
90,93
90,244
90,377
90,180
91,476
91,313
91,357
91,389
91,118
91,159
91,151
91,102
91,294
91,273
91,351
91,277
91,297
91,366
91,287
91,261
91,191
91,374
92,172
92,451
92,287
92,320
92,447
92,174
92,325
92,158
92,346
92,262
92,456
92,150
92,474
92,282
92,99
92,127
92,180
92,278
92,129
92,241
92,115
92,242
92,414
92,195
92,357
92,308
92,182
92,268
92,281
92,253
92,227
92,481
93,227
93,116
93,176
93,357
93,340
93,344
93,135
93,451
93,311
93,141
93,491
93,339
93,264
93,247
93,464
93,325
94,456
94,233
94,161
94,436
94,142
94,308
94,202
94,338
94,204
94,105
94,459
94,435
94,281
94,194
94,140
94,265
94,147
94,234
94,123
94,192
95,229
95,172
95,307
95,177
95,398
95,182
95,287
95,115
95,456
95,107
95,262
95,435
95,121
95,383
95,286
95,333
95,116
95,273
95,219
95,145
96,380
96,470
96,185
96,107
96,471
96,348
96,161
96,242
96,182
96,409
96,159
96,127
96,227
96,462
96,202
96,276
96,166
96,194
96,196
96,135
96,417
97,357
97,457
97,322
97,182
97,204
97,369
97,413
97,195
97,401
97,353
97,461
97,124
97,282
97,166
97,481
97,262
97,129
97,260
97,465
97,327
97,211
97,333
97,312
97,113
97,393
97,121
97,181
97,164
97,245
97,343
97,372
97,321
97,419
97,142
97,242
98,172
98,322
98,379
98,339
98,280
98,472
98,102
98,198
98,485
98,266
98,301
98,139
98,319
98,359
98,347
98,120
98,240
98,297
98,298
99,432
99,430
99,168
99,410
99,172
99,368
99,195
99,275
99,129
99,456
99,492
99,429
99,161
99,190
99,262
99,174
99,298
99,408
99,344
99,230
99,364
99,225
99,124
99,353
99,233
99,337
99,478
99,218
99,280
99,238
99,419
99,381
99,273
99,152
99,421
99,286
99,349
99,414
99,327
99,138
99,312
99,265
100,182
100,306
100,481
100,426
100,385
100,414
100,129
100,224
100,380
100,434
100,262
100,154
100,383
100,203
100,145
100,478
100,223
100,419
100,163
100,136
100,256
100,297
100,484
100,115
100,108
100,242
100,121
100,433
100,164
100,268
100,312
101,370
101,310
101,274
101,203
101,273
101,102
101,428
101,214
101,175
101,249
101,291
101,116
101,406
101,125
101,258
101,477
101,451
101,160
101,227
101,411
101,449
102,172
102,458
102,124
102,121
102,282
102,389
102,182
102,459
102,353
102,351
102,271
102,129
102,344
102,498
102,195
102,414
102,273
102,422
102,190
102,174
102,346
102,357
102,349
102,242
102,325
102,411
102,444
102,360
102,196
102,262
102,421
102,397
102,177
102,456
102,494
102,152
102,426
102,225
102,410
102,211
102,126
102,160
102,423
102,330
102,441
102,311
102,252
102,293
102,243
102,381
102,113
102,333
102,203
102,108
102,343
102,221
102,364
102,334
102,178
102,477
102,451
102,148
102,233
102,125
102,256
102,164
102,154
102,122
102,269
102,159
102,339
102,347
102,227
102,310
102,105
102,379
102,254
102,400
102,127
102,149
102,489
102,218
102,447
102,329
102,162
102,320
102,327
102,350
102,156
102,312
102,240
102,378
102,229
102,204
102,184
102,463
102,395
102,158
102,340
102,109
102,407
102,324
102,248
102,188
102,278
102,186
102,161
102,372
102,352
102,228
103,393
103,242
103,104
103,137
103,478
103,463
103,404
103,212
103,350
103,348
103,293
103,130
103,192
103,305
103,263
103,241
103,461
103,430
103,264
104,480
104,299
104,230
104,172
104,336
104,421
104,269
104,483
104,399
104,146
104,130
104,433
104,302
104,318
104,306
104,128
104,271
104,110
104,475
104,168
105,182
105,456
105,242
105,128
105,139
105,222
105,176
105,230
105,316
105,170
105,291
105,396
105,400
106,434
106,182
106,484
106,286
106,475
106,153
106,220
106,282
106,241
106,292
106,178
106,408
106,208
106,415
106,319
106,139
106,217
106,165
106,421
106,172
106,145
107,115
107,182
107,280
107,440
107,176
107,319
107,180
107,174
107,292
107,332
107,302
107,305
107,151
107,163
107,164
107,432
107,369
107,213
108,340
108,182
108,357
108,262
108,152
108,293
108,490
108,129
108,126
108,457
108,221
108,342
108,172
108,353
108,144
108,325
108,478
108,212
108,414
108,124
108,434
109,194
109,356
109,172
109,370
109,497
109,266
109,116
109,146
109,244
109,242
109,479
109,272
109,444
109,273
109,391
109,112
109,290
109,278
109,301
109,282
109,171
109,152
109,138
109,353
109,299
109,129
109,457
109,248
109,182
109,256
109,292
110,182
110,216
110,388
110,294
110,261
110,148
110,456
110,470
110,434
110,136
110,362
110,246
110,146
110,167
110,172
110,423
110,157
110,296
110,186
110,192
110,241
110,352
110,357
111,262
111,151
111,456
111,179
111,276
111,372
111,341
111,166
111,348
111,479
111,273
111,235
111,407
111,408
111,225
111,242
111,288
111,234
111,204
111,346
112,498
112,194
112,385
112,270
112,189
112,429
112,273
112,229
112,457
112,404
112,172
112,313
112,307
112,340
112,357
112,161
112,421
112,182
112,174
112,243
113,129
113,262
113,349
113,456
113,410
113,346
113,328
113,121
113,398
113,397
113,172
113,316
113,421
113,152
113,241
113,247
113,481
113,475
113,177
113,333
113,273
113,124
113,225
113,211
113,489
113,182
113,463
113,327
113,292
113,236
113,116
113,115
113,278
113,423
114,314
114,270
114,413
114,384
114,132
114,169
114,373
114,223
114,123
114,128
114,182
114,287
114,240
114,276
114,221
115,169
115,182
115,129
115,357
115,353
115,119
115,195
115,397
115,201
115,217
115,373
115,209
115,208
115,331
115,122
115,393
115,225
115,172
115,445
115,477
115,309
115,270
115,490
115,161
115,414
115,194
115,350
115,242
115,174
115,407
115,346
115,160
115,324
115,343
115,265
115,273
115,419
115,138
115,173
115,121
115,293
115,476
115,312
115,116
115,179
115,325
115,333
115,262
115,292
115,456
115,190
116,397
116,469
116,372
116,343
116,421
116,302
116,280
116,442
116,129
116,414
116,349
116,273
116,407
116,181
116,227
116,190
116,480
116,312
116,340
116,445
116,245
116,174
116,292
116,371
116,210
116,423
117,182
117,206
117,353
117,146
117,210
117,131
117,356
117,285
117,160
117,330
117,372
117,390
117,159
117,128
117,132
117,367
117,450
117,218
117,262
118,134
118,182
118,319
118,381
118,180
118,193
118,308
118,146
118,414
118,171
118,322
118,190
118,219
118,240
118,276
118,307
118,170
118,355
119,493
119,204
119,247
119,343
119,391
119,341
119,357
119,366
119,491
119,143
119,273
119,164
119,292
119,342
119,453
119,149
119,260
119,201
119,403
119,124
119,148
119,326
120,242
120,487
120,307
120,297
120,239
120,249
120,423
120,142
120,369
120,121
120,474
120,265
120,230
120,172
120,167
120,202
120,281
121,346
121,182
121,262
121,399
121,430
121,144
121,402
121,325
121,161
121,286
121,292
121,353
121,207
121,284
121,423
121,260
121,250
121,327
121,129
121,404
121,371
121,245
121,360
121,290
121,267
121,241
121,174
121,203
121,373
121,358
121,273
121,349
121,406
121,390
121,231
121,268
121,146
121,476
121,357
121,372
121,253
121,233
121,444
121,298
121,224
121,414
121,126
121,269
121,234
121,397
121,482
121,301
121,456
121,172
121,385
121,140
121,328
121,177
121,321
121,242
121,173
121,248
121,259
121,124
122,320
122,376
122,157
122,347
122,394
122,369
122,244
122,254
122,182
122,350
122,498
122,251
122,204
122,127
122,186
122,381
122,297
122,142
123,169
123,472
123,491
123,461
123,298
123,245
123,482
123,273
123,490
123,499
123,139
123,322
123,230
123,288
123,231
123,292
123,366
123,363
123,263
123,227
123,452
124,314
124,371
124,242
124,488
124,182
124,444
124,131
124,129
124,300
124,172
124,353
124,223
124,391
124,410
124,461
124,141
124,152
124,307
124,357
124,456
124,429
124,127
124,395
124,224
124,312
124,211
124,465
124,368
124,333
124,180
124,138
124,179
124,262
124,385
124,256
124,292
124,327
124,482
124,228
124,174
124,381
124,265
125,182
125,216
125,137
125,404
125,468
125,472
125,462
125,479
125,221
125,353
125,140
125,300
125,473
125,159
125,184
125,288
125,240
125,322
126,162
126,182
126,295
126,368
126,141
126,481
126,327
126,464
126,148
126,222
126,194
126,414
126,307
126,289
126,269
126,447
126,196
126,208
126,336
127,359
127,251
127,220
127,477
127,261
127,350
127,449
127,288
127,148
127,130
127,291
127,245
127,214
127,248
127,408
128,490
128,287
128,413
128,320
128,241
128,174
128,288
128,153
128,451
128,425
128,147
128,198
128,289
128,165
129,366
129,182
129,299
129,423
129,357
129,393
129,484
129,255
129,273
129,403
129,195
129,402
129,161
129,167
129,253
129,232
129,211
129,414
129,353
129,228
129,318
129,248
129,439
129,300
129,174
129,259
129,327
129,346
129,454
129,429
129,164
129,378
129,298
129,481
129,208
129,178
129,163
129,224
129,442
129,321
129,293
129,472
129,313
129,385
129,456
129,203
129,444
129,256
129,276
129,262
129,483
129,172
129,217
129,268
129,177
129,138
129,349
129,340
129,142
129,463
129,476
130,375
130,414
130,423
130,489
130,486
130,182
130,422
130,323
130,496
130,385
130,262
130,431
130,460
130,163
130,304
130,205
130,492
130,327
131,405
131,444
131,182
131,237
131,456
131,185
131,428
131,410
131,391
131,273
131,362
131,218
131,161
131,427
131,170
131,338
131,167
131,209
132,434
132,325
132,392
132,182
132,349
132,409
132,479
132,414
132,336
132,219
132,243
132,173
132,395
132,319
132,206
132,138
132,372
132,194
132,235
133,225
133,281
133,299
133,253
133,169
133,408
133,434
133,446
133,278
133,154
133,431
133,384
133,405
133,371
133,450
133,212
133,168
133,182
133,416
133,376
133,252
133,237
134,315
134,175
134,433
134,421
134,232
134,443
134,202
134,337
134,389
134,367
134,137
134,212
134,203
134,380
134,446
134,284
134,400
135,273
135,352
135,458
135,410
135,174
135,242
135,146
135,306
135,340
135,329
135,388
135,244
135,341
135,269
135,236
135,150
135,443
135,182
136,236
136,395
136,262
136,268
136,304
136,234
136,233
136,404
136,175
136,472
136,314
136,381
136,149
136,269
136,177
136,223
137,203
137,383
137,478
137,325
137,308
137,387
137,246
137,379
137,410
137,287
137,269
137,279
137,224
137,432
137,449
137,178
137,344
137,216
137,260
138,182
138,371
138,464
138,262
138,174
138,385
138,421
138,398
138,222
138,410
138,456
138,288
138,446
138,272
138,481
138,273
138,346
138,228
138,353
138,357
138,150
138,203
138,444
138,241
138,463
138,225
138,245
138,454
138,340
138,268
139,413
139,316
139,194
139,375
139,364
139,232
139,240
139,189
139,214
139,337
139,351
139,193
139,141
139,478
140,204
140,271
140,393
140,431
140,148
140,228
140,273
140,452
140,401
140,416
140,284
140,184
140,392
140,491
140,151
140,428
140,426
141,224
141,148
141,351
141,361
141,456
141,245
141,450
141,297
141,275
141,252
141,319
141,155
141,451
141,392
141,345
141,282
141,387
142,352
142,423
142,173
142,233
142,456
142,182
142,226
142,418
142,469
142,189
142,240
142,299
142,257
142,229
142,236
142,397
142,353
142,460
143,207
143,368
143,336
143,167
143,421
143,301
143,246
143,346
143,459
143,484
143,306
143,289
143,423
143,217
143,335
143,172
143,373
143,341
143,278
143,243
143,173
144,426
144,242
144,456
144,182
144,423
144,402
144,410
144,206
144,331
144,357
144,150
144,211
144,353
144,414
144,306
144,340
144,435
144,292
144,325
144,230
144,439
144,377
144,282
144,386
144,383
144,421
144,194
144,312
145,264
145,244
145,417
145,390
145,221
145,199
145,242
145,165
145,236
145,302
145,200
145,198
145,202
145,270
145,359
145,216
145,431
145,304
145,389
146,253
146,293
146,337
146,320
146,262
146,273
146,340
146,211
146,160
146,324
146,343
146,161
146,174
146,152
146,241
146,240
146,306
146,178
146,172
146,158
146,350
146,300
146,278
146,167
146,233
146,299
147,451
147,408
147,314
147,296
147,382
147,328
147,237
147,421
147,309
147,194
147,440
147,242
147,460
147,205
147,347
147,468
147,276
147,149
147,260
148,206
148,273
148,481
148,165
148,423
148,482
148,450
148,244
148,479
148,161
148,211
148,364
148,439
148,245
148,164
148,404
148,298
148,357
148,413
148,320
148,401
148,366
148,262
148,406
148,325
148,192
148,476
148,448
148,333
148,422
148,182
149,466
149,435
149,254
149,243
149,251
149,221
149,386
149,315
149,247
149,240
149,181
149,178
149,229
149,227
149,409
150,345
150,460
150,475
150,210
150,385
150,228
150,346
150,208
150,292
150,410
150,426
150,188
150,223
150,157
150,388
150,314
150,381
150,489
150,295
151,391
151,497
151,253
151,343
151,339
151,380
151,384
151,198
151,174
151,377
151,267
151,156
151,460
151,424
151,405
151,157
152,357
152,182
152,172
152,286
152,184
152,402
152,153
152,427
152,292
152,273
152,347
152,346
152,383
152,456
152,360
152,336
152,457
152,475
152,435
152,495
152,207
152,215
152,327
152,386
152,498
152,414
152,415
152,445
152,203
152,313
152,409
152,255
152,190
152,195
152,262
153,270
153,182
153,200
153,462
153,425
153,343
153,447
153,411
153,318
153,247
153,204
153,275
153,375
153,486
153,264
153,453
153,259
154,495
154,270
154,214
154,335
154,383
154,461
154,165
154,255
154,195
154,210
154,420
154,366
154,306
154,316
154,213
154,415
155,178
155,182
155,216
155,432
155,456
155,367
155,290
155,221
155,326
155,299
155,375
155,263
155,328
155,468
155,176
155,360
155,259
155,362
155,390
156,182
156,364
156,489
156,222
156,382
156,295
156,181
156,497
156,436
156,158
156,402
156,362
156,479
156,205
156,312
156,324
156,424
157,349
157,397
157,447
157,345
157,331
157,419
157,322
157,317
157,210
157,169
157,174
157,254
157,301
157,201
157,307
158,174
158,309
158,403
158,210
158,332
158,384
158,317
158,462
158,267
158,497
158,241
158,246
158,307
158,418
158,224
158,195
158,228
158,272
158,399
159,258
159,295
159,394
159,460
159,211
159,463
159,198
159,205
159,263
159,192
159,270
160,361
160,386
160,447
160,242
160,374
160,243
160,415
160,290
160,472
160,476
160,287
160,262
160,461
160,320
160,321
160,187
160,241
160,456
160,393
160,324
160,421
160,259
160,172
160,478
160,371
160,369
160,210
161,423
161,480
161,172
161,429
161,253
161,174
161,298
161,262
161,378
161,487
161,293
161,410
161,321
161,309
161,381
161,181
161,235
161,414
161,168
161,476
161,397
161,469
161,221
161,313
161,278
161,173
161,306
161,444
161,195
161,301
161,273
161,403
161,343
161,344
161,357
162,213
162,284
162,291
162,222
162,318
162,423
162,342
162,338
162,484
162,413
162,263
162,370
162,367
162,178
162,440
162,396
162,493
162,197
163,181
163,346
163,391
163,384
163,454
163,359
163,475
163,289
163,351
163,326
163,368
163,406
163,274
163,450
163,205
163,250
163,285
164,172
164,340
164,250
164,211
164,421
164,207
164,166
164,227
164,407
164,382
164,393
164,357
164,170
164,325
164,228
164,344
164,386
164,174
164,385
164,320
164,435
164,205
164,236
165,176
165,182
165,192
165,489
165,466
165,177
165,301
165,336
165,468
165,451
165,226
165,400
166,497
166,234
166,411
166,212
166,407
166,293
166,489
166,482
166,300
166,242
166,455
166,381
166,218
166,321
166,213
166,457
166,196
166,318
166,284
166,397
167,330
167,276
167,205
167,379
167,267
167,391
167,451
167,332
167,349
167,192
167,367
167,339
167,191
167,420
168,287
168,358
168,335
168,262
168,182
168,435
168,399
168,437
168,174
168,421
168,293
168,238
168,253
168,194
168,212
168,409
168,337
168,210
168,393
169,182
169,390
169,180
169,385
169,387
169,215
169,302
169,394
169,417
169,428
169,250
169,425
169,238
169,334
169,197
169,286
169,372
169,299
170,273
170,188
170,327
170,363
170,210
170,346
170,262
170,269
170,235
170,359
170,292
170,248
170,251
170,373
171,197
171,179
171,421
171,323
171,176
171,211
171,467
171,218
171,486
171,363
171,366
171,430
171,280
171,365
171,346
171,409
171,200
171,471
171,431
172,343
172,182
172,349
172,435
172,244
172,256
172,320
172,246
172,379
172,258
172,361
172,341
172,462
172,350
172,190
172,211
172,216
172,492
172,386
172,457
172,174
172,273
172,312
172,353
172,329
172,385
172,414
172,262
172,357
172,444
172,321
172,477
172,303
172,214
172,432
172,327
172,410
172,415
172,185
172,294
172,362
172,195
172,397
172,374
172,196
172,243
172,230
172,201
172,184
172,378
172,441
172,446
172,395
172,293
172,179
172,280
172,470
172,442
172,203
172,443
172,398
172,476
172,455
172,224
172,215
172,421
172,344
172,253
172,373
172,177
172,469
172,233
172,208
172,393
172,452
172,423
172,449
173,182
173,482
173,248
173,481
173,223
173,174
173,243
173,333
173,210
173,340
173,384
173,190
173,444
173,214
173,449
173,257
173,439
173,303
173,472
173,483
173,253
173,353
173,421
173,197
173,242
173,386
174,335
174,182
174,423
174,262
174,416
174,325
174,327
174,464
174,357
174,191
174,350
174,421
174,332
174,343
174,242
174,447
174,437
174,196
174,462
174,340
174,246
174,494
174,175
174,273
174,430
174,190
174,349
174,414
174,456
174,482
174,193
174,410
174,353
174,454
174,244
174,373
174,459
174,385
174,312
174,360
174,238
174,382
174,372
174,397
174,293
174,358
174,419
174,378
174,443
175,230
175,357
175,182
175,256
175,196
175,209
175,433
175,191
175,347
175,220
175,297
175,420
175,391
175,337
175,285
175,305
175,259
175,396
176,313
176,384
176,391
176,178
176,249
176,400
176,262
176,364
176,355
176,269
176,219
176,224
176,283
176,485
177,189
177,419
177,221
177,421
177,483
177,346
177,485
177,365
177,284
177,482
177,246
177,324
177,313
177,396
178,488
178,353
178,262
178,335
178,304
178,439
178,497
178,181
178,382
178,319
179,325
179,390
179,283
179,410
179,317
179,389
179,373
179,266
179,497
179,242
179,245
179,287
179,237
179,182
179,378
179,472
179,456
180,368
180,229
180,439
180,191
180,224
180,307
180,301
180,371
180,328
180,231
180,262
180,394
180,213
180,403
180,352
180,225
181,424
181,239
181,488
181,210
181,376
181,471
181,366
181,444
181,387
181,466
181,494
181,473
181,330
181,324
181,204
181,314
182,262
182,472
182,481
182,211
182,263
182,456
182,318
182,488
182,349
182,365
182,203
182,421
182,385
182,372
182,226
182,357
182,370
182,343
182,224
182,292
182,273
182,327
182,256
182,353
182,435
182,410
182,350
182,423
182,190
182,325
182,207
182,289
182,379
182,285
182,348
182,483
182,398
182,354
182,301
182,346
182,248
182,380
182,331
182,441
182,458
182,328
182,389
182,240
182,237
182,286
182,394
182,425
182,296
182,439
182,299
182,432
182,260
182,463
182,308
182,347
182,390
182,367
182,305
182,234
182,274
182,474
182,426
182,309
182,206
182,457
182,326
182,444
182,245
182,442
182,324
182,437
182,418
182,403
182,342
182,450
182,386
182,333
182,287
182,381
182,281
182,315
182,436
182,259
182,217
182,388
182,373
182,310
182,408
182,200
182,307
182,201
182,484
182,255
182,191
182,265
182,477
182,351
182,497
182,213
182,438
182,196
182,195
182,242
182,314
182,212
182,253
182,401
182,221
182,293
182,358
182,341
182,312
182,243
183,465
183,466
183,275
183,381
183,353
183,425
183,260
183,462
183,305
183,405
183,413
183,446
183,437
183,489
183,345
183,382
183,374
183,281
183,187
183,296
184,362
184,455
184,260
184,204
184,470
184,328
184,487
184,229
184,488
185,375
185,414
185,410
185,357
185,475
185,295
185,404
185,326
185,273
185,315
185,354
185,334
185,494
185,385
185,496
186,384
186,421
186,457
186,460
186,236
186,494
186,365
186,301
186,399
186,267
186,409
186,316
186,223
186,393
186,229
186,257
186,312
187,442
187,336
187,321
187,294
187,298
187,490
187,389
187,425
187,277
187,319
188,433
188,354
188,408
188,364
188,213
188,233
188,287
188,261
188,205
188,214
188,220
188,421
188,192
188,190
188,273
188,387
188,281
188,316
188,419
189,499
189,493
189,258
189,360
189,489
189,421
189,440
189,273
189,411
189,363
189,327
189,350
189,239
189,237
189,229
190,324
190,441
190,488
190,281
190,233
190,456
190,318
190,203
190,262
190,353
190,449
190,468
190,312
190,293
190,334
190,465
190,213
190,325
190,327
190,211
190,321
190,306
190,393
190,228
190,372
190,256
190,397
190,340
190,448
190,423
191,484
191,353
191,360
191,332
191,473
191,262
191,270
191,456
191,359
191,495
191,318
191,274
191,346
191,324
191,291
191,459
191,454
191,479
192,424
192,281
192,356
192,380
192,280
192,200
192,249
192,414
192,274
192,228
192,318
192,202
193,361
193,441
193,411
193,334
193,324
193,269
193,225
193,454
193,271
193,226
193,392
193,297
193,490
193,400
194,455
194,208
194,325
194,458
194,403
194,253
194,457
194,218
194,204
194,397
194,275
194,483
194,313
195,349
195,262
195,423
195,421
195,325
195,273
195,292
195,199
195,211
195,219
195,323
195,222
195,457
195,450
195,357
195,364
195,410
195,235
195,300
195,430
195,225
195,256
195,245
195,298
195,353
195,201
195,324
195,495
195,223
195,232
195,337
195,393
195,312
196,347
196,454
196,331
196,461
196,400
196,378
196,293
196,450
196,241
196,249
196,353
196,242
197,388
197,493
197,451
197,296
197,373
197,475
197,261
197,268
197,253
197,281
197,496
197,383
197,409
197,214
197,432
197,290
197,332
197,491
198,274
198,251
198,263
198,424
198,455
198,494
198,432
198,498
198,419
198,378
198,374
198,252
198,355
198,382
198,311
198,267
199,425
199,320
199,283
199,310
199,328
199,365
199,455
199,219
199,250
199,202
199,275
199,306
199,377
199,366
199,474
200,468
200,423
200,354
200,432
200,420
200,459
200,399
200,396
200,312
200,204
200,428
200,492
200,258
200,332
201,273
201,324
201,371
201,385
201,495
201,472
201,452
201,494
201,390
201,418
201,349
201,234
201,231
201,236
201,386
202,304
202,357
202,492
202,286
202,455
202,294
202,252
202,360
202,485
202,337
202,318
202,282
202,464
203,301
203,290
203,327
203,410
203,423
203,489
203,357
203,487
203,282
203,419
203,353
203,456
203,430
203,343
203,482
203,215
203,230
203,330
203,349
203,386
203,217
203,346
203,273
203,478
203,457
203,262
203,373
203,340
204,421
204,491
204,422
204,373
204,234
204,208
204,262
204,298
204,217
204,417
204,237
204,412
204,380
205,412
205,365
205,220
205,303
205,295
205,454
205,382
205,438
205,484
205,248
205,475
205,430
206,395
206,273
206,264
206,309
206,291
206,423
206,285
206,408
206,432
206,271
206,240
206,284
206,231
206,465
206,462
207,262
207,421
207,362
207,284
207,444
207,426
207,249
207,248
207,447
207,456
207,342
207,228
207,315
208,273
208,382
208,418
208,284
208,417
208,445
208,341
208,315
208,299
208,423
208,435
208,457
208,497
208,328
208,393
208,350
209,265
209,414
209,335
209,283
209,411
209,459
209,256
209,428
209,262
209,284
209,477
209,297
209,264
209,338
209,403
209,377
209,298
210,346
210,253
210,427
210,249
210,490
210,388
210,339
210,351
210,380
210,277
210,313
210,301
211,402
211,357
211,410
211,445
211,477
211,325
211,456
211,241
211,350
211,463
211,415
211,421
211,346
211,423
211,457
211,366
211,386
211,242
211,262
211,328
211,271
211,273
211,385
211,301
211,286
211,221
211,320
211,293
211,343
211,245
211,291
211,224
211,414
211,453
211,265
211,248
211,372
211,349
211,352
212,419
212,343
212,423
212,269
212,409
212,344
212,285
212,261
212,263
212,424
212,486
212,390
212,318
212,254
212,494
213,220
213,273
213,499
213,458
213,412
213,230
213,466
213,368
213,348
213,321
213,312
213,397
213,327
214,265
214,403
214,484
214,445
214,295
214,274
214,370
214,238
214,323
214,338
214,221
214,303
215,224
215,341
215,262
215,495
215,273
215,317
215,283
215,414
215,301
215,289
215,426
215,394
215,344
215,396
215,227
215,385
216,273
216,453
216,467
216,484
216,226
216,327
216,461
216,385
216,262
216,264
216,292
216,300
216,315
216,320
216,251
217,349
217,344
217,312
217,350
217,242
217,426
217,403
217,415
217,472
217,453
217,299
218,310
218,439
218,378
218,428
218,423
218,365
218,429
218,307
218,399
218,443
218,498
218,349
218,465
218,389
219,378
219,495
219,275
219,497
219,448
219,301
219,413
219,261
219,466
219,491
219,370
219,293
220,380
220,273
220,495
220,456
220,477
220,248
220,252
220,305
220,230
220,403
220,376
220,347
221,329
221,343
221,287
221,303
221,327
221,485
221,335
221,265
222,414
222,482
222,227
222,434
222,435
222,308
222,483
222,301
222,421
222,495
222,395
222,390
222,255
222,424
222,332
223,495
223,397
223,390
223,290
223,246
223,357
223,456
223,280
223,231
223,472
223,350
223,298
223,325
223,414
223,458
223,352
223,293
224,262
224,413
224,444
224,256
224,417
224,343
224,368
224,280
224,233
224,357
224,372
224,489
224,265
224,273
224,358
224,386
224,236
224,353
224,260
224,283
224,306
225,368
225,490
225,288
225,297
225,273
225,358
225,425
225,453
225,270
225,397
225,452
225,421
225,406
225,254
225,393
225,298
225,353
225,268
226,474
226,397
226,461
226,310
226,260
226,355
226,266
226,233
226,408
227,341
227,291
227,303
227,317
227,445
227,278
227,349
227,419
227,456
227,256
227,262
227,498
228,353
228,298
228,414
228,410
228,317
228,355
228,273
228,415
228,348
228,411
228,343
228,315
228,344
228,456
228,402
228,357
228,323
228,329
228,472
228,451
228,407
228,428
228,424
229,268
229,453
229,414
229,439
229,398
229,440
229,416
229,359
229,472
229,241
229,232
229,438
229,469
229,321
229,285
230,426
230,456
230,453
230,395
230,449
230,353
230,460
230,273
230,290
230,438
231,280
231,433
231,285
231,325
231,324
231,246
231,470
231,337
231,487
231,471
231,359
231,403
232,299
232,360
232,306
232,279
232,420
232,480
232,250
232,313
232,355
232,347
233,423
233,421
233,482
233,340
233,410
233,391
233,236
233,277
233,394
233,273
233,330
233,343
233,331
233,386
233,481
233,361
233,293
233,465
233,418
233,476
233,393
233,372
234,492
234,397
234,353
234,414
234,449
234,457
234,453
234,468
234,252
234,259
234,487
234,273
234,235
234,238
234,262
234,364
234,427
235,253
235,268
235,453
235,456
235,423
235,274
235,236
235,353
235,239
235,464
235,264
235,403
235,493
235,319
236,324
236,479
236,387
236,308
236,321
236,279
236,259
236,265
236,357
236,375
236,248
236,423
237,266
237,483
237,346
237,368
237,325
237,485
237,328
237,361
237,298
237,358
237,253
237,433
238,279
238,348
238,444
238,241
238,456
238,410
238,476
238,318
238,336
238,419
238,358
238,460
238,350
238,245
238,314
238,354
238,369
238,324
239,317
239,376
239,353
239,423
239,301
239,252
239,387
239,333
239,420
239,488
239,265
239,279
239,246
239,331
240,346
240,277
240,358
240,390
240,308
240,499
240,244
240,340
240,426
240,259
241,410
241,262
241,343
241,332
241,261
241,423
241,327
241,487
241,346
241,321
241,349
241,312
241,435
241,285
241,289
241,456
241,313
241,260
241,353
241,359
242,273
242,476
242,328
242,349
242,433
242,321
242,393
242,289
242,262
242,371
242,346
242,343
242,397
242,353
242,256
242,254
242,422
242,460
242,341
242,398
242,406
242,415
242,364
242,391
242,419
242,253
242,295
242,456
242,423
242,260
242,272
242,449
242,414
242,435
243,346
243,421
243,423
243,427
243,262
243,273
243,482
243,300
243,324
243,444
243,364
243,320
243,317
243,341
243,374
243,476
244,418
244,326
244,432
244,362
244,296
244,419
244,264
244,475
244,380
244,338
245,346
245,478
245,273
245,308
245,349
245,469
245,476
245,312
245,444
245,357
245,321
245,343
245,428
245,393
245,363
245,353
245,435
245,314
245,290
245,293
246,484
246,430
246,352
246,349
246,296
246,309
246,487
246,365
246,286
246,457
246,439
247,255
247,487
247,274
247,352
247,251
247,437
247,302
247,338
247,272
247,470
247,250
247,303
247,481
248,472
248,322
248,396
248,347
248,349
248,261
248,310
248,441
248,276
248,320
248,457
248,481
248,382
248,330
248,476
248,278
248,291
248,346
249,444
249,338
249,438
249,443
249,286
249,493
249,345
249,392
249,335
249,390
249,381
249,353
249,388
249,275
249,372
250,259
250,376
250,410
250,416
250,370
250,377
250,297
250,437
250,432
251,400
251,413
251,273
251,297
251,427
251,425
251,421
251,334
251,441
251,295
251,491
251,287
251,379
252,358
252,284
252,254
252,421
252,493
252,468
252,431
252,281
252,472
252,422
252,257
252,374
253,410
253,279
253,439
253,392
253,421
253,423
253,401
253,262
253,431
253,440
253,397
253,276
253,278
253,301
253,384
254,441
254,342
254,263
254,420
254,273
254,303
254,300
254,362
254,387
254,462
254,357
254,390
255,345
255,344
255,423
255,304
255,272
255,318
255,478
255,280
255,357
255,366
255,312
255,374
255,433
255,309
255,381
255,258
255,277
256,278
256,309
256,281
256,464
256,353
256,325
256,336
256,395
256,476
256,414
256,333
256,381
256,421
256,439
256,379
256,456
257,480
257,468
257,435
257,450
257,400
257,405
257,348
257,489
257,278
257,448
257,281
257,369
257,361
257,412
258,286
258,349
258,376
258,261
258,405
258,354
258,365
259,301
259,423
259,329
259,433
259,285
259,394
259,450
259,291
259,300
260,267
260,327
260,465
260,480
260,404
260,333
260,310
260,317
260,374
260,285
260,274
260,308
261,478
261,429
261,303
261,344
261,456
261,286
261,280
261,326
261,388
261,455
262,418
262,273
262,371
262,347
262,410
262,286
262,357
262,393
262,325
262,416
262,343
262,483
262,290
262,349
262,352
262,432
262,456
262,399
262,408
262,344
262,423
262,321
262,346
262,315
262,289
262,278
262,438
262,301
262,295
262,390
262,397
262,471
262,437
262,467
262,491
262,421
262,472
262,324
262,415
262,444
262,414
262,401
262,465
262,383
262,477
262,386
263,375
263,296
263,473
263,441
263,412
263,325
263,309
263,266
263,445
264,369
264,271
264,374
264,266
264,474
264,436
264,288
264,318
264,470
264,396
264,499
264,283
265,330
265,486
265,456
265,407
265,279
265,381
265,494
266,484
266,492
266,297
266,335
266,402
266,411
266,363
267,459
267,369
267,420
267,392
267,356
267,355
267,272
267,394
267,398
267,305
267,495
267,342
268,408
268,483
268,414
268,421
268,476
268,339
268,456
268,270
268,376
268,453
268,404
268,349
269,429
269,281
269,357
269,458
269,329
269,377
269,363
269,348
269,384
269,299
269,470
270,494
270,447
270,423
270,434
270,481
270,354
271,419
271,391
271,309
271,451
271,446
271,406
271,433
271,365
271,294
271,361
271,323
271,277
271,297
271,354
272,423
272,450
272,281
272,379
272,458
272,319
272,346
272,421
272,431
272,299
272,498
272,290
272,279
272,497
272,371
272,493
272,465
273,343
273,278
273,299
273,428
273,444
273,456
273,386
273,353
273,325
273,438
273,405
273,499
273,330
273,359
273,384
273,400
273,340
273,320
273,357
273,462
273,339
273,423
273,408
273,413
273,327
273,350
273,445
273,326
273,481
273,331
273,368
273,292
273,293
273,475
273,419
273,482
273,346
273,314
273,414
273,472
273,476
273,478
273,352
273,307
274,491
274,380
274,364
274,427
274,471
274,452
274,382
274,303
274,355
274,299
275,337
275,394
275,389
275,468
275,277
275,423
275,486
275,412
275,409
275,342
275,480
275,466
275,429
275,367
276,410
276,484
276,398
276,480
276,287
276,370
277,376
277,360
277,433
277,334
277,485
277,435
277,491
277,312
277,469
278,456
278,414
278,457
278,418
278,497
278,306
278,464
278,333
278,427
278,323
278,343
278,444
278,327
278,312
278,495
278,410
278,428
278,499
278,439
278,406
279,402
279,481
279,414
279,457
279,438
279,409
279,436
279,406
279,445
279,447
279,346
279,326
279,373
279,479
280,353
280,462
280,349
280,362
280,288
280,420
280,474
280,493
280,379
281,347
281,346
281,311
281,498
281,458
281,479
281,340
281,444
282,368
282,374
282,301
282,297
282,392
282,496
282,474
282,492
282,487
282,289
282,364
283,385
283,485
283,437
283,404
283,414
283,388
283,367
283,346
283,463
283,413
283,466
283,409
283,362
283,285
284,436
284,497
284,388
284,460
284,415
284,385
284,498
284,487
284,288
285,324
285,386
285,328
285,437
285,458
285,354
285,492
285,425
285,406
286,301
286,325
286,313
286,477
286,418
286,456
286,327
286,486
286,383
286,472
286,476
286,386
286,469
286,333
286,340
286,290
286,421
286,485
286,293
286,300
286,425
287,357
287,354
287,355
287,466
287,398
288,412
288,385
288,367
288,456
288,445
288,424
288,439
288,390
288,320
288,373
288,487
289,452
289,345
289,348
289,465
289,443
289,304
289,321
289,455
289,410
289,435
289,295
289,488
289,405
290,421
290,497
290,483
290,485
290,488
290,343
290,366
290,403
290,312
290,362
291,419
291,347
291,478
291,434
291,429
291,417
291,363
291,338
291,399
291,350
291,489
292,321
292,456
292,450
292,385
292,418
292,354
292,346
292,349
292,324
292,343
292,410
292,393
292,467
292,364
292,461
292,308
292,312
292,353
292,333
293,354
293,445
293,458
293,423
293,389
293,444
293,431
293,469
293,357
293,371
293,333
293,320
293,421
293,346
293,414
293,479
293,369
293,408
293,373
293,476
293,443
293,302
294,311
294,470
294,445
294,300
294,295
294,420
294,442
294,485
294,448
294,405
294,474
294,458
294,351
295,320
295,375
295,296
295,493
295,307
295,299
296,499
296,348
296,356
296,305
296,310
296,383
296,458
296,384
296,438
296,368
296,481
296,417
296,338
297,361
297,322
297,452
297,306
297,311
297,470
297,368
298,357
298,370
298,305
298,373
298,495
298,322
298,371
298,320
299,439
299,369
299,313
299,455
299,435
299,476
299,312
299,357
299,481
299,376
299,443
299,346
299,333
299,364
299,456
299,434
300,350
300,325
300,418
300,490
300,441
300,464
300,450
300,436
300,393
300,310
300,416
300,382
300,397
300,385
300,493
300,328
300,463
300,435
300,432
300,423
300,403
300,420
301,391
301,378
301,324
301,464
301,312
301,476
301,421
301,384
301,460
301,397
301,408
301,414
301,475
301,357
301,314
301,321
301,385
302,379
302,351
302,478
302,319
302,453
302,435
302,375
302,496
302,401
302,346
302,492
302,499
302,380
302,482
302,498
302,331
303,454
303,401
303,417
303,309
303,419
303,476
303,421
303,390
303,479
303,317
303,477
304,315
304,373
304,310
304,358
304,493
304,348
304,433
304,398
304,427
304,470
304,486
304,499
304,379
305,393
305,420
305,366
305,490
305,319
305,389
305,460
305,329
305,330
306,399
306,481
306,466
306,392
306,383
306,497
306,382
306,356
306,453
307,440
307,479
307,364
307,367
307,394
307,447
307,314
307,377
307,317
308,315
308,346
308,463
308,493
308,354
308,487
308,483
308,341
308,388
308,471
308,459
309,463
309,314
309,416
309,338
309,382
309,454
309,428
309,487
309,402
309,427
310,457
310,460
310,397
310,353
310,369
310,447
310,419
310,326
310,471
311,377
311,474
311,366
311,346
311,412
311,326
311,464
311,376
311,417
311,470
311,327
311,431
312,482
312,346
312,313
312,353
312,427
312,356
312,352
312,325
312,350
312,397
312,444
312,333
312,327
312,357
313,397
313,421
313,476
313,369
313,462
313,386
313,344
313,342
313,371
313,346
313,449
313,463
313,453
314,386
314,422
314,436
314,315
314,435
314,486
314,458
314,450
314,341
315,442
315,376
315,416
315,468
315,478
315,385
315,335
315,359
315,463
315,454
315,482
316,405
316,446
316,444
316,389
316,488
316,334
316,328
316,460
316,492
316,384
316,369
316,477
316,447
316,473
317,458
317,387
317,477
317,469
317,487
317,330
317,348
317,397
317,346
317,492
318,395
318,329
318,326
318,457
318,388
318,319
318,387
318,468
319,396
319,371
319,418
319,381
320,374
320,325
320,441
320,349
320,414
320,445
320,376
320,351
320,456
320,442
320,344
320,419
320,433
320,410
320,324
320,346
320,457
320,412
321,340
321,335
321,439
321,482
321,324
321,414
321,343
321,382
321,344
321,364
321,372
321,341
321,349
321,491
321,458
322,325
322,369
322,488
322,424
322,490
322,450
322,466
322,388
322,409
323,392
323,456
323,393
323,492
323,375
323,413
323,485
323,395
323,379
323,415
323,488
323,471
324,421
324,476
324,410
324,383
324,346
324,442
324,353
324,350
324,454
324,393
324,488
325,349
325,344
325,476
325,423
325,357
325,419
325,456
325,457
325,498
325,475
325,364
325,427
325,444
325,372
326,428
326,470
326,388
326,402
326,455
326,421
326,405
327,431
327,330
327,357
327,469
327,447
327,421
327,364
327,444
327,335
327,343
327,372
327,353
327,349
327,456
327,386
328,496
328,485
328,437
328,416
328,482
328,346
328,431
328,421
329,383
329,364
329,479
329,446
329,429
329,435
329,486
329,458
329,376
329,440
330,373
330,423
330,440
330,335
330,448
330,364
330,477
330,479
330,369
330,445
331,343
331,338
331,469
331,402
331,468
331,372
331,352
331,420
332,400
332,421
332,450
332,485
332,369
332,344
332,479
332,468
332,348
332,439
332,345
332,467
333,395
333,361
333,357
333,414
333,388
333,398
333,346
333,386
333,353
333,381
333,453
333,467
333,444
333,415
333,397
334,342
334,475
334,391
334,355
334,483
334,433
334,432
334,402
334,457
335,421
335,456
335,442
335,363
335,430
335,417
335,451
335,414
335,364
336,384
336,458
336,429
336,496
336,422
336,342
336,356
336,355
336,497
336,498
337,439
337,491
337,425
337,367
337,356
337,471
337,402
337,414
337,417
337,490
337,411
338,380
338,411
338,396
338,387
338,437
338,426
338,401
338,492
338,423
339,384
339,408
339,370
339,416
339,436
339,491
339,377
340,489
340,445
340,410
340,465
340,392
340,481
340,358
340,443
340,397
340,454
340,386
340,484
340,456
340,423
340,431
340,472
341,357
341,350
341,387
341,393
341,358
341,359
341,418
341,443
341,364
342,357
342,419
342,436
342,460
342,474
342,492
342,446
342,351
342,354
342,499
343,410
343,456
343,357
343,453
343,377
343,496
343,465
343,490
343,451
343,446
343,350
343,349
343,353
343,444
343,412
343,415
343,397
343,407
343,476
343,423
344,435
344,441
344,384
344,346
344,416
344,455
344,352
344,421
344,438
344,493
344,477
344,423
344,422
344,473
344,372
344,402
345,360
345,422
345,348
345,436
345,367
345,472
345,430
345,427
345,385
346,407
346,491
346,352
346,475
346,423
346,373
346,488
346,457
346,409
346,480
346,477
346,421
346,456
346,349
346,463
346,469
346,430
346,397
346,489
346,357
347,356
347,424
347,468
347,480
347,396
348,391
348,350
348,382
348,419
348,469
348,442
348,452
349,414
349,478
349,448
349,457
349,401
349,358
349,481
349,458
349,385
349,428
349,456
349,423
349,484
349,442
349,421
349,357
349,378
349,435
349,372
349,444
349,352
349,472
350,356
350,392
350,358
350,464
350,423
350,421
350,375
350,457
350,483
350,353
350,459
350,407
350,488
350,372
351,362
351,376
351,496
351,374
351,439
352,457
352,357
352,423
352,378
352,414
352,451
352,452
352,440
352,476
352,373
352,456
352,403
352,418
352,404
352,407
353,398
353,421
353,456
353,372
353,463
353,481
353,466
353,386
353,423
353,394
353,483
353,414
353,357
353,379
353,473
353,476
353,435
353,358
353,385
353,410
354,487
354,467
354,395
354,389
354,400
354,399
354,360
355,401
355,461
355,394
355,417
355,425
355,408
355,365
355,388
356,444
356,471
356,412
356,461
356,362
356,470
356,442
356,366
357,410
357,499
357,412
357,443
357,372
357,456
357,483
357,486
357,414
357,395
357,484
357,431
357,457
357,397
357,442
357,435
357,421
357,444
357,423
358,456
358,375
358,421
358,386
358,368
358,381
358,414
358,435
358,436
358,478
359,364
359,485
359,415
359,450
359,382
359,490
359,385
359,413
359,448
359,481
359,381
360,414
360,387
360,431
360,388
360,496
360,470
360,372
360,432
360,430
361,388
361,412
361,456
361,472
361,429
361,366
361,363
361,436
361,421
361,459
361,405
362,436
362,496
362,487
362,448
362,382
362,387
362,390
362,431
363,370
363,401
363,434
363,447
363,467
363,470
363,425
363,433
363,428
364,456
364,442
364,471
364,481
364,437
364,493
364,393
364,410
364,457
364,401
364,423
364,406
364,454
364,414
365,378
365,391
365,396
365,467
365,367
365,428
366,400
366,444
366,446
366,426
366,468
367,408
367,432
367,402
367,431
367,497
367,429
367,483
368,493
368,409
368,400
368,404
368,437
368,480
369,452
369,488
369,482
369,475
370,441
370,459
370,372
370,491
370,413
370,377
370,442
370,464
371,473
371,421
371,392
371,443
371,481
371,385
371,490
371,474
371,482
372,467
372,423
372,444
372,385
372,438
372,415
372,380
372,434
372,394
372,456
372,443
372,410
373,447
373,426
373,392
373,418
373,448
374,490
374,459
374,389
374,399
374,494
374,465
374,405
375,469
375,392
375,455
375,418
375,395
375,498
375,452
375,478
375,413
375,406
375,456
375,491
375,399
376,462
376,415
377,417
377,406
377,466
377,478
377,408
377,494
377,455
378,414
378,484
378,465
378,380
378,430
378,423
378,464
379,398
379,479
379,472
380,476
380,423
380,414
380,421
380,442
381,472
381,489
381,442
381,420
381,458
382,461
382,488
382,465
382,479
383,444
383,496
383,441
383,434
383,485
383,415
383,473
384,410
384,437
384,391
384,473
384,466
384,448
384,416
384,459
385,463
385,432
385,414
385,403
385,481
385,457
385,394
385,489
386,443
386,435
386,498
386,421
386,393
386,415
386,438
386,433
386,482
387,433
387,467
387,395
387,436
387,413
387,410
387,459
387,422
387,418
388,431
388,486
388,439
388,436
389,431
389,489
389,499
389,408
389,434
390,488
390,479
390,407
390,467
390,466
391,422
391,401
391,455
391,496
392,469
392,455
392,487
392,409
392,490
393,484
393,415
393,423
393,421
393,433
393,498
394,448
394,495
394,438
394,497
394,471
394,428
395,423
395,498
395,424
395,497
395,475
395,402
395,438
395,422
395,472
396,446
396,411
396,488
396,481
396,496
397,487
397,476
397,460
397,492
397,473
397,414
397,444
397,410
397,465
397,424
397,423
397,463
398,426
398,429
398,469
398,409
399,421
399,450
399,411
399,475
400,425
400,423
400,499
400,411
400,427
400,462
401,417
401,408
401,435
401,460
401,465
401,437
402,439
402,423
402,487
402,434
402,484
402,483
402,452
403,434
403,423
403,442
403,405
404,468
404,426
404,464
404,490
404,470
404,480
404,432
404,460
405,411
405,490
405,494
405,468
406,454
406,491
406,421
406,443
406,466
406,479
406,481
406,427
406,436
406,453
406,414
407,484
407,440
407,417
407,454
407,430
407,469
408,481
408,472
408,457
409,493
409,499
409,466
409,488
409,449
410,464
410,414
410,435
410,476
410,456
410,423
410,463
410,444
410,421
410,437
410,484
411,455
411,494
411,461
411,496
411,446
412,451
412,425
412,417
412,449
412,489
412,494
412,474
412,466
413,498
413,450
413,426
413,437
413,458
414,456
414,448
414,421
414,463
414,427
414,496
414,482
414,495
414,442
414,483
414,476
414,444
414,423
414,475
414,415
414,457
414,419
414,484
414,472
414,489
415,457
415,448
415,438
415,445
416,423
416,481
416,430
416,427
416,477
416,444
417,440
417,459
417,462
417,429
417,488
418,443
418,475
418,440
418,435
419,444
419,426
419,463
419,440
419,491
419,483
420,494
420,422
420,467
420,473
421,482
421,444
421,423
421,430
421,460
421,450
421,473
421,463
421,456
422,423
422,453
422,456
422,448
422,430
422,449
423,457
423,456
423,484
423,448
423,442
423,469
423,471
423,440
423,476
423,495
423,481
423,482
423,437
423,444
423,427
423,486
423,463
424,492
424,495
424,429
424,463
424,483
424,499
425,446
425,490
425,443
426,494
427,494
427,465
427,482
427,469
427,440
427,481
428,465
428,443
428,454
428,476
428,441
428,456
429,482
429,481
429,433
429,464
429,490
429,431
429,470
430,449
430,456
430,499
430,473
431,462
431,443
431,491
432,446
432,462
432,436
432,492
433,455
433,467
434,480
434,493
434,437
434,475
435,472
435,463
435,452
436,497
436,456
436,464
436,451
437,473
437,471
437,494
438,459
438,456
438,458
438,482
438,449
438,497
438,475
439,465
439,477
439,493
439,459
440,453
440,442
440,473
440,484
441,450
441,448
441,461
442,456
442,483
442,461
443,481
443,486
443,454
443,459
443,463
444,463
444,482
444,452
444,476
444,484
444,456
445,477
445,466
445,481
445,459
445,461
445,460
446,498
446,470
447,470
447,485
447,467
448,493
448,456
448,486
448,498
448,490
449,451
449,452
449,486
449,498
449,463
449,468
449,450
450,479
450,486
451,456
451,468
451,499
452,473
452,475
452,469
452,457
452,483
453,467
453,487
453,479
453,476
453,484
453,461
453,482
454,488
454,482
454,456
454,455
454,487
454,495
454,479
455,473
455,467
456,472
456,473
456,496
456,481
456,498
456,463
457,463
457,472
457,465
457,469
457,476
457,485
458,472
458,476
460,481
460,495
460,486
461,492
461,486
461,497
462,485
462,480
462,496
462,463
462,472
462,466
463,484
463,464
464,480
464,468
465,472
465,467
465,492
466,476
466,487
466,490
467,486
467,474
467,495
468,497
468,482
469,478
470,495
471,476
471,489
472,497
473,495
473,496
473,486
474,479
474,478
474,493
474,496
474,480
475,485
477,495
479,492
480,493
481,489
482,495
484,488
485,492
487,498
488,496
489,495
489,496
491,493
492,499
493,496
494,499
