,0,1,2,3,4,5
0,Graph_N500_E3863_D0.031_A0.1.csv,0.05,degree_centrality,0.038152456283569336,0.09147024154663086,2841.0
1,Graph_N500_E3863_D0.031_A0.1.csv,0.05,eigenvector_centrality,0.048949480056762695,0.0920553207397461,2841.0
2,Graph_N500_E3863_D0.031_A0.1.csv,0.05,closeness_centrality,0.04824090003967285,0.09241557121276855,2841.0
3,Graph_N500_E3863_D0.031_A0.1.csv,0.05,current_flow_closeness_centrality,0.037750244140625,0.09175539016723633,2841.0
4,Graph_N500_E3863_D0.031_A0.1.csv,0.05,betweenness_centrality,0.03746604919433594,0.09078073501586914,2841.0
5,Graph_N500_E3863_D0.031_A0.1.csv,0.05,current_flow_betweenness_centrality,0.037879228591918945,0.09163546562194824,2841.0
6,Graph_N500_E3863_D0.031_A0.1.csv,0.05,communicability_betweenness_centrality,0.039994239807128906,0.08829355239868164,2841.0
7,Graph_N500_E3863_D0.031_A0.1.csv,0.05,load_centrality,0.0368349552154541,0.09047460556030273,2841.0
8,Graph_N500_E3863_D0.031_A0.1.csv,0.05,subgraph_centrality,0.0366058349609375,0.09062457084655762,2841.0
9,Graph_N500_E3863_D0.031_A0.1.csv,0.05,harmonic_centrality,0.03742647171020508,0.08909416198730469,2841.0
10,Graph_N500_E3863_D0.031_A0.1.csv,0.05,second_order_centrality,0.03774571418762207,0.08952522277832031,2841.0
11,Graph_N500_E3863_D0.031_A0.1.csv,0.05,laplacian_centrality,0.04849886894226074,0.08985662460327148,2841.0
12,Graph_N500_E3863_D0.031_A0.1.csv,0.1,degree_centrality,0.03817605972290039,0.5257108211517334,2383.0
13,Graph_N500_E3863_D0.031_A0.1.csv,0.1,eigenvector_centrality,0.0377194881439209,0.45165300369262695,2383.0
14,Graph_N500_E3863_D0.031_A0.1.csv,0.1,closeness_centrality,0.04906654357910156,0.6419117450714111,2383.0
15,Graph_N500_E3863_D0.031_A0.1.csv,0.1,current_flow_closeness_centrality,0.054590702056884766,0.49138522148132324,2383.0
16,Graph_N500_E3863_D0.031_A0.1.csv,0.1,betweenness_centrality,0.03801703453063965,0.40467262268066406,2383.0
17,Graph_N500_E3863_D0.031_A0.1.csv,0.1,current_flow_betweenness_centrality,0.03710746765136719,0.373981237411499,2383.0
18,Graph_N500_E3863_D0.031_A0.1.csv,0.1,communicability_betweenness_centrality,0.03855180740356445,0.4189913272857666,2383.0
19,Graph_N500_E3863_D0.031_A0.1.csv,0.1,load_centrality,0.03798341751098633,0.40219569206237793,2383.0
20,Graph_N500_E3863_D0.031_A0.1.csv,0.1,subgraph_centrality,0.03844141960144043,0.46505284309387207,2383.0
21,Graph_N500_E3863_D0.031_A0.1.csv,0.1,harmonic_centrality,0.03782057762145996,0.4579501152038574,2383.0
22,Graph_N500_E3863_D0.031_A0.1.csv,0.1,second_order_centrality,0.048370361328125,0.46128058433532715,2383.0
23,Graph_N500_E3863_D0.031_A0.1.csv,0.1,laplacian_centrality,0.037813663482666016,0.44167089462280273,2383.0
24,Graph_N500_E5315_D0.043_A0.1.csv,0.05,degree_centrality,0.051941633224487305,0.21105337142944336,3899.0
25,Graph_N500_E5315_D0.043_A0.1.csv,0.05,eigenvector_centrality,0.051117897033691406,0.2667722702026367,3899.0
26,Graph_N500_E5315_D0.043_A0.1.csv,0.05,closeness_centrality,0.05155181884765625,0.2646641731262207,3899.0
27,Graph_N500_E5315_D0.043_A0.1.csv,0.05,current_flow_closeness_centrality,0.06064748764038086,0.31107592582702637,3899.0
28,Graph_N500_E5315_D0.043_A0.1.csv,0.05,betweenness_centrality,0.051029205322265625,0.26096105575561523,3899.0
29,Graph_N500_E5315_D0.043_A0.1.csv,0.05,current_flow_betweenness_centrality,0.05114603042602539,0.26683473587036133,3899.0
30,Graph_N500_E5315_D0.043_A0.1.csv,0.05,communicability_betweenness_centrality,0.05026078224182129,0.2799673080444336,3899.0
31,Graph_N500_E5315_D0.043_A0.1.csv,0.05,load_centrality,0.06173992156982422,0.26329541206359863,3899.0
32,Graph_N500_E5315_D0.043_A0.1.csv,0.05,subgraph_centrality,0.050209760665893555,0.2627522945404053,3899.0
33,Graph_N500_E5315_D0.043_A0.1.csv,0.05,harmonic_centrality,0.05023598670959473,0.27772974967956543,3899.0
34,Graph_N500_E5315_D0.043_A0.1.csv,0.05,second_order_centrality,0.05146598815917969,0.27285242080688477,3899.0
35,Graph_N500_E5315_D0.043_A0.1.csv,0.05,laplacian_centrality,0.07073163986206055,0.21727514266967773,3899.0
36,Graph_N500_E5315_D0.043_A0.1.csv,0.1,degree_centrality,0.05225729942321777,0.5623960494995117,3292.0
37,Graph_N500_E5315_D0.043_A0.1.csv,0.1,eigenvector_centrality,0.07345461845397949,0.5643913745880127,3292.0
38,Graph_N500_E5315_D0.043_A0.1.csv,0.1,closeness_centrality,0.0619509220123291,0.5467720031738281,3292.0
39,Graph_N500_E5315_D0.043_A0.1.csv,0.1,current_flow_closeness_centrality,0.05132865905761719,0.6435990333557129,3292.0
40,Graph_N500_E5315_D0.043_A0.1.csv,0.1,betweenness_centrality,0.05199384689331055,0.5918233394622803,3292.0
41,Graph_N500_E5315_D0.043_A0.1.csv,0.1,current_flow_betweenness_centrality,0.051613807678222656,0.5236151218414307,3292.0
42,Graph_N500_E5315_D0.043_A0.1.csv,0.1,communicability_betweenness_centrality,0.05142927169799805,0.5955190658569336,3292.0
43,Graph_N500_E5315_D0.043_A0.1.csv,0.1,load_centrality,0.06082940101623535,0.6313490867614746,3292.0
44,Graph_N500_E5315_D0.043_A0.1.csv,0.1,subgraph_centrality,0.052680253982543945,0.5581893920898438,3292.0
45,Graph_N500_E5315_D0.043_A0.1.csv,0.1,harmonic_centrality,0.051651716232299805,0.5723237991333008,3292.0
46,Graph_N500_E5315_D0.043_A0.1.csv,0.1,second_order_centrality,0.052541494369506836,0.5822839736938477,3292.0
47,Graph_N500_E5315_D0.043_A0.1.csv,0.1,laplacian_centrality,0.05099320411682129,0.5656569004058838,3292.0
48,Graph_N500_E5746_D0.046_A0.1.csv,0.05,degree_centrality,0.05362582206726074,0.16652894020080566,3968.0
49,Graph_N500_E5746_D0.046_A0.1.csv,0.05,eigenvector_centrality,0.0545353889465332,0.1640613079071045,3968.0
50,Graph_N500_E5746_D0.046_A0.1.csv,0.05,closeness_centrality,0.06547141075134277,0.16573166847229004,3968.0
51,Graph_N500_E5746_D0.046_A0.1.csv,0.05,current_flow_closeness_centrality,0.05431532859802246,0.16406846046447754,3968.0
52,Graph_N500_E5746_D0.046_A0.1.csv,0.05,betweenness_centrality,0.05496931076049805,0.16284441947937012,3968.0
53,Graph_N500_E5746_D0.046_A0.1.csv,0.05,current_flow_betweenness_centrality,0.06373953819274902,0.16409945487976074,3968.0
54,Graph_N500_E5746_D0.046_A0.1.csv,0.05,communicability_betweenness_centrality,0.053879499435424805,0.16530323028564453,3968.0
55,Graph_N500_E5746_D0.046_A0.1.csv,0.05,load_centrality,0.05447840690612793,0.1573653221130371,3968.0
56,Graph_N500_E5746_D0.046_A0.1.csv,0.05,subgraph_centrality,0.06596565246582031,0.16355109214782715,3968.0
57,Graph_N500_E5746_D0.046_A0.1.csv,0.05,harmonic_centrality,0.05458712577819824,0.16400432586669922,3968.0
58,Graph_N500_E5746_D0.046_A0.1.csv,0.05,second_order_centrality,0.0550839900970459,0.16365504264831543,3968.0
59,Graph_N500_E5746_D0.046_A0.1.csv,0.05,laplacian_centrality,0.06457924842834473,0.16477179527282715,3968.0
60,Graph_N500_E5746_D0.046_A0.1.csv,0.1,degree_centrality,0.0659487247467041,0.49038219451904297,3302.0
61,Graph_N500_E5746_D0.046_A0.1.csv,0.1,eigenvector_centrality,0.05602216720581055,0.4592864513397217,3302.0
62,Graph_N500_E5746_D0.046_A0.1.csv,0.1,closeness_centrality,0.05508089065551758,0.45946288108825684,3302.0
63,Graph_N500_E5746_D0.046_A0.1.csv,0.1,current_flow_closeness_centrality,0.05579662322998047,0.4594898223876953,3302.0
64,Graph_N500_E5746_D0.046_A0.1.csv,0.1,betweenness_centrality,0.06519532203674316,0.4766051769256592,3302.0
65,Graph_N500_E5746_D0.046_A0.1.csv,0.1,current_flow_betweenness_centrality,0.05452585220336914,0.45322728157043457,3302.0
66,Graph_N500_E5746_D0.046_A0.1.csv,0.1,communicability_betweenness_centrality,0.05595755577087402,0.4702877998352051,3302.0
67,Graph_N500_E5746_D0.046_A0.1.csv,0.1,load_centrality,0.06608843803405762,0.40198826789855957,3302.0
68,Graph_N500_E5746_D0.046_A0.1.csv,0.1,subgraph_centrality,0.057569026947021484,0.5051250457763672,3302.0
69,Graph_N500_E5746_D0.046_A0.1.csv,0.1,harmonic_centrality,0.05551552772521973,0.44885802268981934,3302.0
70,Graph_N500_E5746_D0.046_A0.1.csv,0.1,second_order_centrality,0.05546283721923828,0.46085095405578613,3302.0
71,Graph_N500_E5746_D0.046_A0.1.csv,0.1,laplacian_centrality,0.0662238597869873,0.510775089263916,3302.0
72,Graph_N500_E6862_D0.055_A0.1.csv,0.05,degree_centrality,0.07624650001525879,0.20987439155578613,4994.0
73,Graph_N500_E6862_D0.055_A0.1.csv,0.05,eigenvector_centrality,0.06437230110168457,0.2086796760559082,4994.0
74,Graph_N500_E6862_D0.055_A0.1.csv,0.05,closeness_centrality,0.06484580039978027,0.20884442329406738,4994.0
75,Graph_N500_E6862_D0.055_A0.1.csv,0.05,current_flow_closeness_centrality,0.06552457809448242,0.2079179286956787,4994.0
76,Graph_N500_E6862_D0.055_A0.1.csv,0.05,betweenness_centrality,0.06453442573547363,0.21083474159240723,4994.0
77,Graph_N500_E6862_D0.055_A0.1.csv,0.05,current_flow_betweenness_centrality,0.07554149627685547,0.20984840393066406,4994.0
78,Graph_N500_E6862_D0.055_A0.1.csv,0.05,communicability_betweenness_centrality,0.06333231925964355,0.20926642417907715,4994.0
79,Graph_N500_E6862_D0.055_A0.1.csv,0.05,load_centrality,0.06473875045776367,0.20653319358825684,4994.0
80,Graph_N500_E6862_D0.055_A0.1.csv,0.05,subgraph_centrality,0.0750422477722168,0.20915794372558594,4994.0
81,Graph_N500_E6862_D0.055_A0.1.csv,0.05,harmonic_centrality,0.06509852409362793,0.20631718635559082,4994.0
82,Graph_N500_E6862_D0.055_A0.1.csv,0.05,second_order_centrality,0.0755918025970459,0.20805072784423828,4994.0
83,Graph_N500_E6862_D0.055_A0.1.csv,0.05,laplacian_centrality,0.0684962272644043,0.20751523971557617,4994.0
84,Graph_N500_E6862_D0.055_A0.1.csv,0.1,degree_centrality,0.07642006874084473,0.5593259334564209,4158.0
85,Graph_N500_E6862_D0.055_A0.1.csv,0.1,eigenvector_centrality,0.06469297409057617,0.5226120948791504,4158.0
86,Graph_N500_E6862_D0.055_A0.1.csv,0.1,closeness_centrality,0.07658767700195312,0.5409812927246094,4158.0
87,Graph_N500_E6862_D0.055_A0.1.csv,0.1,current_flow_closeness_centrality,0.06537079811096191,0.5663909912109375,4158.0
88,Graph_N500_E6862_D0.055_A0.1.csv,0.1,betweenness_centrality,0.07649660110473633,0.545262336730957,4158.0
89,Graph_N500_E6862_D0.055_A0.1.csv,0.1,current_flow_betweenness_centrality,0.06614446640014648,0.5545492172241211,4158.0
90,Graph_N500_E6862_D0.055_A0.1.csv,0.1,communicability_betweenness_centrality,0.0660698413848877,0.5745515823364258,4158.0
91,Graph_N500_E6862_D0.055_A0.1.csv,0.1,load_centrality,0.06512236595153809,0.5826416015625,4158.0
92,Graph_N500_E6862_D0.055_A0.1.csv,0.1,subgraph_centrality,0.06486225128173828,0.5632927417755127,4158.0
93,Graph_N500_E6862_D0.055_A0.1.csv,0.1,harmonic_centrality,0.07755112648010254,0.5443055629730225,4158.0
94,Graph_N500_E6862_D0.055_A0.1.csv,0.1,second_order_centrality,0.06507301330566406,0.5185542106628418,4158.0
95,Graph_N500_E6862_D0.055_A0.1.csv,0.1,laplacian_centrality,0.07555150985717773,0.5561165809631348,4158.0
96,Graph_N500_E7204_D0.058_A0.1.csv,0.05,degree_centrality,0.0798029899597168,0.22891640663146973,5361.0
97,Graph_N500_E7204_D0.058_A0.1.csv,0.05,eigenvector_centrality,0.06768155097961426,0.22676682472229004,5361.0
98,Graph_N500_E7204_D0.058_A0.1.csv,0.05,closeness_centrality,0.06813406944274902,0.22671985626220703,5361.0
99,Graph_N500_E7204_D0.058_A0.1.csv,0.05,current_flow_closeness_centrality,0.07997655868530273,0.22776198387145996,5361.0
100,Graph_N500_E7204_D0.058_A0.1.csv,0.05,betweenness_centrality,0.0674600601196289,0.22751498222351074,5361.0
101,Graph_N500_E7204_D0.058_A0.1.csv,0.05,current_flow_betweenness_centrality,0.06823062896728516,0.22775697708129883,5361.0
102,Graph_N500_E7204_D0.058_A0.1.csv,0.05,communicability_betweenness_centrality,0.07900571823120117,0.22786211967468262,5361.0
103,Graph_N500_E7204_D0.058_A0.1.csv,0.05,load_centrality,0.08129644393920898,0.22731423377990723,5361.0
104,Graph_N500_E7204_D0.058_A0.1.csv,0.05,subgraph_centrality,0.06795525550842285,0.22956395149230957,5361.0
105,Graph_N500_E7204_D0.058_A0.1.csv,0.05,harmonic_centrality,0.07955026626586914,0.23341035842895508,5361.0
106,Graph_N500_E7204_D0.058_A0.1.csv,0.05,second_order_centrality,0.07889842987060547,0.22707200050354004,5361.0
107,Graph_N500_E7204_D0.058_A0.1.csv,0.05,laplacian_centrality,0.06965017318725586,0.22739577293395996,5361.0
108,Graph_N500_E7204_D0.058_A0.1.csv,0.1,degree_centrality,0.08014607429504395,1.1196918487548828,4508.0
109,Graph_N500_E7204_D0.058_A0.1.csv,0.1,eigenvector_centrality,0.07403373718261719,1.0489473342895508,4508.0
110,Graph_N500_E7204_D0.058_A0.1.csv,0.1,closeness_centrality,0.068756103515625,1.1272587776184082,4508.0
111,Graph_N500_E7204_D0.058_A0.1.csv,0.1,current_flow_closeness_centrality,0.08005547523498535,1.1652476787567139,4508.0
112,Graph_N500_E7204_D0.058_A0.1.csv,0.1,betweenness_centrality,0.06943750381469727,1.1490468978881836,4508.0
113,Graph_N500_E7204_D0.058_A0.1.csv,0.1,current_flow_betweenness_centrality,0.08199739456176758,1.1025803089141846,4508.0
114,Graph_N500_E7204_D0.058_A0.1.csv,0.1,communicability_betweenness_centrality,0.06907415390014648,1.1316404342651367,4508.0
115,Graph_N500_E7204_D0.058_A0.1.csv,0.1,load_centrality,0.0689551830291748,1.1740062236785889,4508.0
116,Graph_N500_E7204_D0.058_A0.1.csv,0.1,subgraph_centrality,0.08040213584899902,1.1420550346374512,4508.0
117,Graph_N500_E7204_D0.058_A0.1.csv,0.1,harmonic_centrality,0.069580078125,1.2305176258087158,4508.0
118,Graph_N500_E7204_D0.058_A0.1.csv,0.1,second_order_centrality,0.07040691375732422,1.148561716079712,4508.0
119,Graph_N500_E7204_D0.058_A0.1.csv,0.1,laplacian_centrality,0.08064436912536621,1.20503830909729,4508.0
120,Graph_N500_E7584_D0.061_A0.1.csv,0.05,degree_centrality,0.07279205322265625,0.23170757293701172,5622.0
121,Graph_N500_E7584_D0.061_A0.1.csv,0.05,eigenvector_centrality,0.07200407981872559,0.25801563262939453,5622.0
122,Graph_N500_E7584_D0.061_A0.1.csv,0.05,closeness_centrality,0.09486865997314453,0.2643604278564453,5622.0
123,Graph_N500_E7584_D0.061_A0.1.csv,0.05,current_flow_closeness_centrality,0.08213019371032715,0.27124691009521484,5622.0
124,Graph_N500_E7584_D0.061_A0.1.csv,0.05,betweenness_centrality,0.07350039482116699,0.23366045951843262,5622.0
125,Graph_N500_E7584_D0.061_A0.1.csv,0.05,current_flow_betweenness_centrality,0.07246041297912598,0.252124547958374,5622.0
126,Graph_N500_E7584_D0.061_A0.1.csv,0.05,communicability_betweenness_centrality,0.08367156982421875,0.2676661014556885,5622.0
127,Graph_N500_E7584_D0.061_A0.1.csv,0.05,load_centrality,0.08695340156555176,0.23514294624328613,5622.0
128,Graph_N500_E7584_D0.061_A0.1.csv,0.05,subgraph_centrality,0.07628846168518066,0.25731992721557617,5622.0
129,Graph_N500_E7584_D0.061_A0.1.csv,0.05,harmonic_centrality,0.0721900463104248,0.2620375156402588,5622.0
130,Graph_N500_E7584_D0.061_A0.1.csv,0.05,second_order_centrality,0.07300591468811035,0.26701831817626953,5622.0
131,Graph_N500_E7584_D0.061_A0.1.csv,0.05,laplacian_centrality,0.08397793769836426,0.2575724124908447,5622.0
132,Graph_N500_E7584_D0.061_A0.1.csv,0.1,degree_centrality,0.0735478401184082,0.9959039688110352,4787.0
133,Graph_N500_E7584_D0.061_A0.1.csv,0.1,eigenvector_centrality,0.07246184349060059,1.2405776977539062,4787.0
134,Graph_N500_E7584_D0.061_A0.1.csv,0.1,closeness_centrality,0.08697986602783203,1.1805121898651123,4787.0
135,Graph_N500_E7584_D0.061_A0.1.csv,0.1,current_flow_closeness_centrality,0.07453298568725586,1.0188267230987549,4787.0
136,Graph_N500_E7584_D0.061_A0.1.csv,0.1,betweenness_centrality,0.07385778427124023,1.1461906433105469,4787.0
137,Graph_N500_E7584_D0.061_A0.1.csv,0.1,current_flow_betweenness_centrality,0.07243204116821289,1.1745367050170898,4787.0
138,Graph_N500_E7584_D0.061_A0.1.csv,0.1,communicability_betweenness_centrality,0.0845637321472168,1.1535654067993164,4787.0
139,Graph_N500_E7584_D0.061_A0.1.csv,0.1,load_centrality,0.07422590255737305,1.2246277332305908,4787.0
140,Graph_N500_E7584_D0.061_A0.1.csv,0.1,subgraph_centrality,0.07259511947631836,1.2138659954071045,4787.0
141,Graph_N500_E7584_D0.061_A0.1.csv,0.1,harmonic_centrality,0.08439803123474121,1.0646722316741943,4787.0
142,Graph_N500_E7584_D0.061_A0.1.csv,0.1,second_order_centrality,0.08457016944885254,1.067800521850586,4787.0
143,Graph_N500_E7584_D0.061_A0.1.csv,0.1,laplacian_centrality,0.07356810569763184,1.1522963047027588,4787.0
144,Graph_N500_E7627_D0.061_A0.101.csv,0.05,degree_centrality,0.08371639251708984,0.2669215202331543,5610.0
145,Graph_N500_E7627_D0.061_A0.101.csv,0.05,eigenvector_centrality,0.08406972885131836,0.2679712772369385,5610.0
146,Graph_N500_E7627_D0.061_A0.101.csv,0.05,closeness_centrality,0.0730741024017334,0.2729318141937256,5610.0
147,Graph_N500_E7627_D0.061_A0.101.csv,0.05,current_flow_closeness_centrality,0.07305550575256348,0.26751017570495605,5610.0
148,Graph_N500_E7627_D0.061_A0.101.csv,0.05,betweenness_centrality,0.07128787040710449,0.2733497619628906,5610.0
149,Graph_N500_E7627_D0.061_A0.101.csv,0.05,current_flow_betweenness_centrality,0.08244514465332031,0.26684117317199707,5610.0
150,Graph_N500_E7627_D0.061_A0.101.csv,0.05,communicability_betweenness_centrality,0.08350515365600586,0.2715919017791748,5610.0
151,Graph_N500_E7627_D0.061_A0.101.csv,0.05,load_centrality,0.08069467544555664,0.2714347839355469,5610.0
152,Graph_N500_E7627_D0.061_A0.101.csv,0.05,subgraph_centrality,0.07230091094970703,0.2706432342529297,5610.0
153,Graph_N500_E7627_D0.061_A0.101.csv,0.05,harmonic_centrality,0.0735621452331543,0.26926302909851074,5610.0
154,Graph_N500_E7627_D0.061_A0.101.csv,0.05,second_order_centrality,0.08428311347961426,0.2701563835144043,5610.0
155,Graph_N500_E7627_D0.061_A0.101.csv,0.05,laplacian_centrality,0.08501195907592773,0.2665259838104248,5610.0
156,Graph_N500_E7627_D0.061_A0.101.csv,0.1,degree_centrality,0.07274222373962402,1.3667094707489014,4693.0
157,Graph_N500_E7627_D0.061_A0.101.csv,0.1,eigenvector_centrality,0.08479475975036621,1.3814380168914795,4693.0
158,Graph_N500_E7627_D0.061_A0.101.csv,0.1,closeness_centrality,0.07362151145935059,1.387925148010254,4693.0
159,Graph_N500_E7627_D0.061_A0.101.csv,0.1,current_flow_closeness_centrality,0.07424569129943848,1.3637595176696777,4693.0
160,Graph_N500_E7627_D0.061_A0.101.csv,0.1,betweenness_centrality,0.07504057884216309,1.5354108810424805,4693.0
161,Graph_N500_E7627_D0.061_A0.101.csv,0.1,current_flow_betweenness_centrality,0.0837104320526123,1.3234858512878418,4693.0
162,Graph_N500_E7627_D0.061_A0.101.csv,0.1,communicability_betweenness_centrality,0.07398390769958496,1.3439414501190186,4693.0
163,Graph_N500_E7627_D0.061_A0.101.csv,0.1,load_centrality,0.07347679138183594,1.574897050857544,4693.0
164,Graph_N500_E7627_D0.061_A0.101.csv,0.1,subgraph_centrality,0.08390235900878906,1.4202678203582764,4693.0
165,Graph_N500_E7627_D0.061_A0.101.csv,0.1,harmonic_centrality,0.08430743217468262,1.391744613647461,4693.0
166,Graph_N500_E7627_D0.061_A0.101.csv,0.1,second_order_centrality,0.0733802318572998,1.3497025966644287,4693.0
167,Graph_N500_E7627_D0.061_A0.101.csv,0.1,laplacian_centrality,0.07309436798095703,1.5731306076049805,4693.0
168,Graph_N500_E8643_D0.069_A0.101.csv,0.05,degree_centrality,0.09294772148132324,0.28066086769104004,6337.0
169,Graph_N500_E8643_D0.069_A0.101.csv,0.05,eigenvector_centrality,0.0926828384399414,0.29056572914123535,6337.0
170,Graph_N500_E8643_D0.069_A0.101.csv,0.05,closeness_centrality,0.09398746490478516,0.2976968288421631,6337.0
171,Graph_N500_E8643_D0.069_A0.101.csv,0.05,current_flow_closeness_centrality,0.09161067008972168,0.29508399963378906,6337.0
172,Graph_N500_E8643_D0.069_A0.101.csv,0.05,betweenness_centrality,0.09237861633300781,0.2965974807739258,6337.0
173,Graph_N500_E8643_D0.069_A0.101.csv,0.05,current_flow_betweenness_centrality,0.09256172180175781,0.29851698875427246,6337.0
174,Graph_N500_E8643_D0.069_A0.101.csv,0.05,communicability_betweenness_centrality,0.08179497718811035,0.29332661628723145,6337.0
175,Graph_N500_E8643_D0.069_A0.101.csv,0.05,load_centrality,0.08159351348876953,0.29343628883361816,6337.0
176,Graph_N500_E8643_D0.069_A0.101.csv,0.05,subgraph_centrality,0.08174538612365723,0.2999725341796875,6337.0
177,Graph_N500_E8643_D0.069_A0.101.csv,0.05,harmonic_centrality,0.08329057693481445,0.2968275547027588,6337.0
178,Graph_N500_E8643_D0.069_A0.101.csv,0.05,second_order_centrality,0.0816946029663086,0.29704761505126953,6337.0
179,Graph_N500_E8643_D0.069_A0.101.csv,0.05,laplacian_centrality,0.08268547058105469,0.2946484088897705,6337.0
180,Graph_N500_E8643_D0.069_A0.101.csv,0.1,degree_centrality,0.08573317527770996,0.6726486682891846,5215.0
181,Graph_N500_E8643_D0.069_A0.101.csv,0.1,eigenvector_centrality,0.09402585029602051,0.6879396438598633,5215.0
182,Graph_N500_E8643_D0.069_A0.101.csv,0.1,closeness_centrality,0.09439849853515625,0.6806497573852539,5215.0
183,Graph_N500_E8643_D0.069_A0.101.csv,0.1,current_flow_closeness_centrality,0.09287691116333008,0.6766819953918457,5215.0
184,Graph_N500_E8643_D0.069_A0.101.csv,0.1,betweenness_centrality,0.10064482688903809,0.6899456977844238,5215.0
185,Graph_N500_E8643_D0.069_A0.101.csv,0.1,current_flow_betweenness_centrality,0.09469938278198242,0.6983211040496826,5215.0
186,Graph_N500_E8643_D0.069_A0.101.csv,0.1,communicability_betweenness_centrality,0.09223508834838867,0.6835479736328125,5215.0
187,Graph_N500_E8643_D0.069_A0.101.csv,0.1,load_centrality,0.09273505210876465,0.6769888401031494,5215.0
188,Graph_N500_E8643_D0.069_A0.101.csv,0.1,subgraph_centrality,0.09380125999450684,0.6801033020019531,5215.0
189,Graph_N500_E8643_D0.069_A0.101.csv,0.1,harmonic_centrality,0.09273004531860352,0.675666093826294,5215.0
190,Graph_N500_E8643_D0.069_A0.101.csv,0.1,second_order_centrality,0.09557175636291504,0.6692526340484619,5215.0
191,Graph_N500_E8643_D0.069_A0.101.csv,0.1,laplacian_centrality,0.09655976295471191,0.6751439571380615,5215.0
192,Graph_N500_E8821_D0.071_A0.1.csv,0.05,degree_centrality,0.09674644470214844,0.35218071937561035,6370.0
193,Graph_N500_E8821_D0.071_A0.1.csv,0.05,eigenvector_centrality,0.09369134902954102,0.350693941116333,6370.0
194,Graph_N500_E8821_D0.071_A0.1.csv,0.05,closeness_centrality,0.0964818000793457,0.3500525951385498,6370.0
195,Graph_N500_E8821_D0.071_A0.1.csv,0.05,current_flow_closeness_centrality,0.09617161750793457,0.35752224922180176,6370.0
196,Graph_N500_E8821_D0.071_A0.1.csv,0.05,betweenness_centrality,0.09502816200256348,0.3535034656524658,6370.0
197,Graph_N500_E8821_D0.071_A0.1.csv,0.05,current_flow_betweenness_centrality,0.09546828269958496,0.35230112075805664,6370.0
198,Graph_N500_E8821_D0.071_A0.1.csv,0.05,communicability_betweenness_centrality,0.0928044319152832,0.3556783199310303,6370.0
199,Graph_N500_E8821_D0.071_A0.1.csv,0.05,load_centrality,0.09576797485351562,0.35338687896728516,6370.0
200,Graph_N500_E8821_D0.071_A0.1.csv,0.05,subgraph_centrality,0.09548211097717285,0.35923147201538086,6370.0
201,Graph_N500_E8821_D0.071_A0.1.csv,0.05,harmonic_centrality,0.09476637840270996,0.3530597686767578,6370.0
202,Graph_N500_E8821_D0.071_A0.1.csv,0.05,second_order_centrality,0.09537911415100098,0.350801944732666,6370.0
203,Graph_N500_E8821_D0.071_A0.1.csv,0.05,laplacian_centrality,0.09514713287353516,0.3575444221496582,6370.0
204,Graph_N500_E8821_D0.071_A0.1.csv,0.1,degree_centrality,0.08477616310119629,0.9141275882720947,5167.0
205,Graph_N500_E8821_D0.071_A0.1.csv,0.1,eigenvector_centrality,0.08408927917480469,0.9094836711883545,5167.0
206,Graph_N500_E8821_D0.071_A0.1.csv,0.1,closeness_centrality,0.08559584617614746,0.8348696231842041,5167.0
207,Graph_N500_E8821_D0.071_A0.1.csv,0.1,current_flow_closeness_centrality,0.08261847496032715,0.876802921295166,5167.0
208,Graph_N500_E8821_D0.071_A0.1.csv,0.1,betweenness_centrality,0.08277583122253418,0.7323861122131348,5167.0
209,Graph_N500_E8821_D0.071_A0.1.csv,0.1,current_flow_betweenness_centrality,0.0834817886352539,0.8123488426208496,5167.0
210,Graph_N500_E8821_D0.071_A0.1.csv,0.1,communicability_betweenness_centrality,0.08674216270446777,0.9294123649597168,5167.0
211,Graph_N500_E8821_D0.071_A0.1.csv,0.1,load_centrality,0.08408141136169434,0.8800432682037354,5167.0
212,Graph_N500_E8821_D0.071_A0.1.csv,0.1,subgraph_centrality,0.08366703987121582,0.8848145008087158,5167.0
213,Graph_N500_E8821_D0.071_A0.1.csv,0.1,harmonic_centrality,0.08352184295654297,0.882148265838623,5167.0
214,Graph_N500_E8821_D0.071_A0.1.csv,0.1,second_order_centrality,0.08442163467407227,0.8193469047546387,5167.0
215,Graph_N500_E8821_D0.071_A0.1.csv,0.1,laplacian_centrality,0.08453226089477539,0.9032654762268066,5167.0
216,Graph_N500_E8954_D0.072_A0.1.csv,0.05,degree_centrality,0.0849599838256836,0.3317124843597412,6697.0
217,Graph_N500_E8954_D0.072_A0.1.csv,0.05,eigenvector_centrality,0.09697628021240234,0.32328081130981445,6697.0
218,Graph_N500_E8954_D0.072_A0.1.csv,0.05,closeness_centrality,0.09599018096923828,0.322521448135376,6697.0
219,Graph_N500_E8954_D0.072_A0.1.csv,0.05,current_flow_closeness_centrality,0.09658503532409668,0.3236403465270996,6697.0
220,Graph_N500_E8954_D0.072_A0.1.csv,0.05,betweenness_centrality,0.09565353393554688,0.32431530952453613,6697.0
221,Graph_N500_E8954_D0.072_A0.1.csv,0.05,current_flow_betweenness_centrality,0.09722638130187988,0.32333827018737793,6697.0
222,Graph_N500_E8954_D0.072_A0.1.csv,0.05,communicability_betweenness_centrality,0.09706521034240723,0.3248403072357178,6697.0
223,Graph_N500_E8954_D0.072_A0.1.csv,0.05,load_centrality,0.09689807891845703,0.3230011463165283,6697.0
224,Graph_N500_E8954_D0.072_A0.1.csv,0.05,subgraph_centrality,0.09598731994628906,0.3219940662384033,6697.0
225,Graph_N500_E8954_D0.072_A0.1.csv,0.05,harmonic_centrality,0.09725522994995117,0.3296542167663574,6697.0
226,Graph_N500_E8954_D0.072_A0.1.csv,0.05,second_order_centrality,0.0998539924621582,0.3244810104370117,6697.0
227,Graph_N500_E8954_D0.072_A0.1.csv,0.05,laplacian_centrality,0.09508013725280762,0.3242378234863281,6697.0
228,Graph_N500_E8954_D0.072_A0.1.csv,0.1,degree_centrality,0.08565616607666016,1.304295301437378,5600.0
229,Graph_N500_E8954_D0.072_A0.1.csv,0.1,eigenvector_centrality,0.08661532402038574,1.3636679649353027,5600.0
230,Graph_N500_E8954_D0.072_A0.1.csv,0.1,closeness_centrality,0.09742999076843262,1.3837268352508545,5600.0
231,Graph_N500_E8954_D0.072_A0.1.csv,0.1,current_flow_closeness_centrality,0.09839272499084473,1.3785784244537354,5600.0
232,Graph_N500_E8954_D0.072_A0.1.csv,0.1,betweenness_centrality,0.09782600402832031,1.3301877975463867,5600.0
233,Graph_N500_E8954_D0.072_A0.1.csv,0.1,current_flow_betweenness_centrality,0.09572577476501465,1.3083279132843018,5600.0
234,Graph_N500_E8954_D0.072_A0.1.csv,0.1,communicability_betweenness_centrality,0.09762024879455566,1.3826501369476318,5600.0
235,Graph_N500_E8954_D0.072_A0.1.csv,0.1,load_centrality,0.0973818302154541,1.3965802192687988,5600.0
236,Graph_N500_E8954_D0.072_A0.1.csv,0.1,subgraph_centrality,0.09785938262939453,1.3205006122589111,5600.0
237,Graph_N500_E8954_D0.072_A0.1.csv,0.1,harmonic_centrality,0.09664058685302734,1.4127161502838135,5600.0
238,Graph_N500_E8954_D0.072_A0.1.csv,0.1,second_order_centrality,0.09670352935791016,1.4489901065826416,5600.0
239,Graph_N500_E8954_D0.072_A0.1.csv,0.1,laplacian_centrality,0.0996255874633789,1.3686811923980713,5600.0
